[
  {
    "ItemDetails": "Brass Studs",
    "StockInDate": "12.08.2025",
    "StockOutDate": "13.09.2025",
    "StockAvailable": "26000000",
    "HSNCode": "258USHM",
    "Limit": "200000",
    "id": "1760352944805"
  },
  {
    "ItemDetails": "Insulation",
    "StockInDate": "25.24.1012",
    "StockOutDate": "25.12.5448",
    "StockAvailable": "100",
    "HSNCode": "52",
    "Limit": "20",
    "id": "1760352944763"
  },
  {
    "ItemDetails": "Gasket",
    "StockInDate": "12.08.2025",
    "StockOutDate": "12.09.25",
    "StockAvailable": "223",
    "HSNCode": "1256",
    "Limit": "2200",
    "id": "1760352944754"
  }
]