[
  {
    "SrNo": 1,
    "Date": "02.04.2025",
    "BillNo": "001/MBS/2025-26",
    "Status": "statsu1",
    "WorkDescrp": "Testing",
    "HSNSAC": 998719,
    "PartyDetails": "Rabirun Vinmay P Ltd",
    "PartyGSTNo": "19AABCR2517D1ZP",
    "JobCost": 5000,
    "TaxRate": "18%",
    "CGST": 450,
    "SGST": 450,
    "Total": 5900,
    "Scrap": 0,
    "NetAmount": 5900,
    "SD": 0,
    "TDS": 100,
    "TCS": 0,
    "ScrapTax": 0,
    "Others": 0,
    "NetPayble": 5800,
    "AmountReceived": 5800,
    "ChequeNEFTDetails": "NEFT",
    "PaymentReceivedDate": "23.05.25",
    "id": "1762083372031"
  },
  {
    "SrNo": 2,
    "Date": "02.04.2025",
    "BillNo": "002/MBS/2025-26",
    "WorkDescrp": "Testing",
    "HSNSAC": 998719,
    "PartyDetails": "Rabirun Vinmay P Ltd",
    "PartyGSTNo": "19AABCR2517D1ZP",
    "JobCost": 2400,
    "TaxRate": "18%",
    "CGST": 216,
    "SGST": 216,
    "Total": 2832,
    "Scrap": 0,
    "NetAmount": 2832,
    "SD": 0,
    "TDS": 48,
    "TCS": 0,
    "ScrapTax": 0,
    "Others": 0,
    "NetPayble": 2784,
    "AmountReceived": 2780,
    "ChequeNEFTDetails": "NEFT",
    "PaymentReceivedDate": "23.05.25",
    "id": "1762083371457"
  },
  {
    "SrNo": 3,
    "Date": "03.04.25",
    "BillNo": "003/MBS/2025-26",
    "WorkDescrp": "Maintenance",
    "HSNSAC": 998719,
    "PartyDetails": "Shirdi Sai Electrical",
    "PartyGSTNo": "37AAOCS9992C1ZM",
    "JobCost": 6500,
    "TaxRate": "18%",
    "CGST": "IGST",
    "SGST": 1170,
    "Total": 7670,
    "Scrap": 0,
    "NetAmount": 7670,
    "SD": 0,
    "TDS": 0,
    "TCS": 0,
    "ScrapTax": 0,
    "Others": 0,
    "NetPayble": 7670,
    "AmountReceived": 7670,
    "ChequeNEFTDetails": "NEFT",
    "PaymentReceivedDate": "30.05.25",
    "id": "1762083371408"
  },
  {
    "SrNo": 4,
    "Date": "08.04.25",
    "BillNo": "004/MBS/2025-26",
    "WorkDescrp": "Maintenance",
    "HSNSAC": 998719,
    "PartyDetails": "Ramswarup Industries Ltd",
    "PartyGSTNo": "19AACCR2821D1ZP",
    "JobCost": 72297.5,
    "TaxRate": "18%",
    "CGST": 6506.77,
    "SGST": 6506.77,
    "Total": 85311.05,
    "Scrap": 0,
    "NetAmount": 85311.05,
    "SD": 0,
    "TDS": 1445.95,
    "TCS": 0,
    "ScrapTax": 0,
    "Others": 0,
    "NetPayble": 83865.1,
    "AmountReceived": 83865,
    "ChequeNEFTDetails": "NEFT",
    "PaymentReceivedDate": "01.05.25",
    "id": "1762083371337"
  },
  {
    "SrNo": 5,
    "Date": "11.04.25",
    "BillNo": "005/MBS/2025-26",
    "WorkDescrp": "Maintenance",
    "HSNSAC": 998719,
    "PartyDetails": "Rashmi Metaliks Ltd",
    "PartyGSTNo": "19AACCR7183E1Z6",
    "JobCost": 16500,
    "TaxRate": "18%",
    "CGST": 1485,
    "SGST": 1485,
    "Total": 19470,
    "Scrap": 0,
    "NetAmount": 19470,
    "SD": 0,
    "TDS": 330,
    "TCS": 0,
    "ScrapTax": 0,
    "Others": 0,
    "NetPayble": 19140,
    "id": "1762083371300"
  },
  {
    "SrNo": 6,
    "Date": "23.04.25",
    "BillNo": "006/MBS/2025-26",
    "WorkDescrp": "Repairing",
    "HSNSAC": 998719,
    "PartyDetails": "Orissa Metaliks Pvt Ltd",
    "PartyGSTNo": "19AAACO8663L1ZT",
    "JobCost": 54400,
    "TaxRate": "18%",
    "CGST": 4896,
    "SGST": 4896,
    "Total": 64192,
    "Scrap": 0,
    "NetAmount": 64192,
    "SD": 0,
    "TDS": 1088,
    "TCS": 0,
    "ScrapTax": 0,
    "Others": 0,
    "NetPayble": 63104,
    "AmountReceived": 63104,
    "ChequeNEFTDetails": "NEFT",
    "PaymentReceivedDate": "10.06.25",
    "id": "1762083371288"
  },
  {
    "SrNo": 7,
    "Date": "26.04.25",
    "BillNo": "007/MBS/2025-26",
    "WorkDescrp": "Supply",
    "HSNSAC": 540410,
    "PartyDetails": "Orrisa Alloy Steel P Ltd",
    "PartyGSTNo": "19AAJCR8647J1ZL",
    "JobCost": 6300,
    "TaxRate": "18%",
    "CGST": 567,
    "SGST": 567,
    "Total": 7434,
    "Scrap": 0,
    "NetAmount": 7434,
    "SD": 0,
    "TDS": 0,
    "TCS": 0,
    "ScrapTax": 0,
    "Others": 0,
    "NetPayble": 7434,
    "AmountReceived": 7434,
    "ChequeNEFTDetails": "NEFT",
    "PaymentReceivedDate": "1.06.25",
    "id": "1762083370718"
  },
  {
    "SrNo": 8,
    "Date": "02.05.25",
    "BillNo": "008/MBS/2025-26",
    "WorkDescrp": "Maintenance",
    "HSNSAC": 998719,
    "PartyDetails": "Megatherm Induction Pvt Ltd",
    "PartyGSTNo": "19AAGCM8455J1ZV",
    "JobCost": 66000,
    "TaxRate": "18%",
    "CGST": 5940,
    "SGST": 5940,
    "Total": 77880,
    "Scrap": 0,
    "NetAmount": 77880,
    "SD": 0,
    "TDS": 1320,
    "TCS": 0,
    "ScrapTax": 0,
    "Others": 0,
    "NetPayble": 76560,
    "AmountReceived": 76560,
    "ChequeNEFTDetails": "NEFT",
    "PaymentReceivedDate": "18.06.25",
    "id": "1762083370670"
  },
  {
    "SrNo": 9,
    "Date": "05.05.25",
    "BillNo": "009/MBS/2025-26",
    "WorkDescrp": "Maintenance",
    "HSNSAC": 998719,
    "PartyDetails": "SMV Power Solution",
    "PartyGSTNo": "09BKYPK4611G1ZS",
    "JobCost": 7500,
    "TaxRate": "18%",
    "CGST": "IGST",
    "SGST": 1350,
    "Total": 8850,
    "Scrap": 0,
    "NetAmount": 8850,
    "SD": 0,
    "TDS": 0,
    "TCS": 0,
    "ScrapTax": 0,
    "Others": 0,
    "NetPayble": 8850,
    "AmountReceived": 8850,
    "ChequeNEFTDetails": "NEFT",
    "PaymentReceivedDate": "02.06.25",
    "id": "1762083370620"
  },
  {
    "SrNo": 10,
    "Date": "06.05.25",
    "BillNo": "010/MBS/2025-26",
    "WorkDescrp": "Testing",
    "HSNSAC": 998719,
    "PartyDetails": "Bombay Cinema",
    "PartyGSTNo": "19AACFB8680R1ZL",
    "JobCost": 11000,
    "TaxRate": "18%",
    "CGST": 990,
    "SGST": 990,
    "Total": 12980,
    "Scrap": 0,
    "NetAmount": 12980,
    "SD": 0,
    "TDS": 220,
    "TCS": 0,
    "ScrapTax": 0,
    "Others": 0,
    "NetPayble": 12760,
    "AmountReceived": 12980,
    "ChequeNEFTDetails": "Cash",
    "PaymentReceivedDate": "08.05.25",
    "id": "1762083370592"
  },
  {
    "SrNo": 11,
    "Date": "08.05.25",
    "BillNo": "011/MBS/2025-26",
    "WorkDescrp": "Repairing",
    "HSNSAC": 998719,
    "PartyDetails": "Marsons Energy Pvt Ltd",
    "PartyGSTNo": "08AAECM4786E1Z9",
    "JobCost": 183159.11,
    "TaxRate": "18%",
    "CGST": "IGST",
    "SGST": 32968.64,
    "Total": 216127.75,
    "Scrap": 0,
    "NetAmount": 216127.75,
    "SD": 0,
    "TDS": 3663.18,
    "TCS": 0,
    "ScrapTax": 0,
    "Others": 0,
    "NetPayble": 212464.57,
    "AmountReceived": 212463,
    "ChequeNEFTDetails": "NEFT",
    "PaymentReceivedDate": "21.06.25",
    "id": "1762083370555"
  },
  {
    "SrNo": 12,
    "Date": "08.05.25",
    "BillNo": "012/MBS/2025-26",
    "WorkDescrp": "Testing",
    "HSNSAC": 998719,
    "PartyDetails": "Bombay Cinema",
    "PartyGSTNo": "19AACFB8680R1ZL",
    "JobCost": 5000,
    "TaxRate": "18%",
    "CGST": 450,
    "SGST": 450,
    "Total": 5900,
    "Scrap": 0,
    "NetAmount": 5900,
    "SD": 0,
    "TDS": 0,
    "TCS": 0,
    "ScrapTax": 0,
    "Others": 0,
    "NetPayble": 5900,
    "AmountReceived": 5900,
    "ChequeNEFTDetails": "CAsh",
    "PaymentReceivedDate": "08.05.25",
    "id": "1762083370547"
  },
  {
    "SrNo": 13,
    "Date": "08.05.25",
    "BillNo": "013/MBS/2025-26",
    "WorkDescrp": "Maintenance",
    "HSNSAC": 998719,
    "PartyDetails": "Swastik International",
    "PartyGSTNo": "09IZDPS1551Q1ZI",
    "JobCost": 25907,
    "TaxRate": "18%",
    "CGST": "IGST",
    "SGST": 4663.26,
    "Total": 30570.26,
    "Scrap": 0,
    "NetAmount": 30570.26,
    "SD": 0,
    "TDS": 0,
    "TCS": 0,
    "ScrapTax": 0,
    "Others": 0,
    "NetPayble": 30570.26,
    "AmountReceived": 30570,
    "ChequeNEFTDetails": "NEFT",
    "PaymentReceivedDate": "02.08.25",
    "id": "1762083369968"
  },
  {
    "SrNo": 14,
    "Date": "08.05.25",
    "BillNo": "014/MBS/2025-26",
    "WorkDescrp": "Maintenance",
    "HSNSAC": 998719,
    "PartyDetails": "Rashmi Metaliks Ltd",
    "PartyGSTNo": "19AACCR7183E1Z6",
    "JobCost": 9000,
    "TaxRate": "18%",
    "CGST": 810,
    "SGST": 810,
    "Total": 10620,
    "Scrap": 0,
    "NetAmount": 10620,
    "SD": 0,
    "TDS": 180,
    "TCS": 0,
    "ScrapTax": 0,
    "Others": 0,
    "NetPayble": 10440,
    "id": "1762083369926"
  },
  {
    "SrNo": 15,
    "Date": "10.05.25",
    "BillNo": "015/MBS/2025-26",
    "WorkDescrp": "Maintenance",
    "HSNSAC": 998719,
    "PartyDetails": "Rashmi Green Hydrogen Steel Pvt Ltd",
    "PartyGSTNo": "19AALCR1619N1ZT",
    "JobCost": 108200,
    "TaxRate": "18%",
    "CGST": 9738,
    "SGST": 9738,
    "Total": 127676,
    "Scrap": 0,
    "NetAmount": 127676,
    "SD": 10820,
    "TDS": 2164,
    "TCS": 0,
    "ScrapTax": 0,
    "Others": 0,
    "NetPayble": 114692,
    "AmountReceived": 114692,
    "ChequeNEFTDetails": "NEFT",
    "PaymentReceivedDate": "04.08.25",
    "id": "1762083369885"
  },
  {
    "SrNo": 16,
    "Date": "10.05.25",
    "BillNo": "016/MBS/2025-26",
    "WorkDescrp": "Repairing",
    "HSNSAC": 998719,
    "PartyDetails": "Div Manager Egra  WBSEDCL",
    "PartyGSTNo": "19AAACW6953H1ZX",
    "JobCost": 346817.16,
    "TaxRate": "18%",
    "CGST": 31213.54,
    "SGST": 31213.54,
    "Total": 409244.25,
    "Scrap": 0,
    "NetAmount": 409244.25,
    "SD": 0,
    "TDS": 6936.34,
    "TCS": 0,
    "ScrapTax": 0,
    "Others": 0,
    "NetPayble": 402307.91,
    "id": "1762083369850"
  },
  {
    "SrNo": 17,
    "Date": "13.05.25",
    "BillNo": "017/MBS/2025-26",
    "WorkDescrp": "Maintenance",
    "HSNSAC": 998719,
    "PartyDetails": "Rashmi Green Hydrogen Steel Pvt Ltd",
    "PartyGSTNo": "19AALCR1619N1ZT",
    "JobCost": 129270,
    "TaxRate": "18%",
    "CGST": 11634.3,
    "SGST": 11634.3,
    "Total": 152538.6,
    "Scrap": 0,
    "NetAmount": 152538.6,
    "SD": 0,
    "TDS": 2585.4,
    "TCS": 0,
    "ScrapTax": 0,
    "Others": 0,
    "NetPayble": 149953.2,
    "AmountReceived": 100000,
    "PaymentReceivedDate": "Reminder on whatsaap",
    "id": "1762083369824"
  },
  {
    "SrNo": 18,
    "Date": "13.05.25",
    "BillNo": "018/MBS/2025-26",
    "WorkDescrp": "Maintenance",
    "HSNSAC": 998719,
    "PartyDetails": "Rashmi Green Hydrogen Steel Pvt Ltd",
    "PartyGSTNo": "19AALCR1619N1ZT",
    "JobCost": 27000,
    "TaxRate": "18%",
    "CGST": 2430,
    "SGST": 2430,
    "Total": 31860,
    "Scrap": 0,
    "NetAmount": 31860,
    "SD": 0,
    "TDS": 540,
    "TCS": 0,
    "ScrapTax": 0,
    "Others": 0,
    "NetPayble": 31320,
    "AmountReceived": 17199,
    "ChequeNEFTDetails": "NEFT",
    "PaymentReceivedDate": "21.06.25",
    "id": "1762083369794"
  },
  {
    "SrNo": 19,
    "Date": "14.05.25",
    "BillNo": "019/MBS/2025-26",
    "WorkDescrp": "Repairing",
    "HSNSAC": 998719,
    "PartyDetails": "Div Manager Ghatal  WBSEDCL",
    "PartyGSTNo": "19AAACW6953H1ZX",
    "JobCost": 337728.73,
    "TaxRate": "18%",
    "CGST": 30395.59,
    "SGST": 30395.59,
    "Total": 398519.9,
    "Scrap": 0,
    "NetAmount": 398519.9,
    "SD": 0,
    "TDS": 6754.57,
    "TCS": 0,
    "ScrapTax": 0,
    "Others": 0,
    "NetPayble": 391765.33,
    "id": "1762083369785"
  },
  {
    "SrNo": 20,
    "Date": "19.05.25",
    "BillNo": "020/MBS/2025-26",
    "WorkDescrp": "Supply",
    "HSNSAC": "3824 9925",
    "PartyDetails": "JAPFA Comfeed ",
    "PartyGSTNo": "19AAACJ1855B1ZV",
    "JobCost": 3400,
    "TaxRate": "18%",
    "CGST": 306,
    "SGST": 306,
    "Total": 4012,
    "Scrap": 0,
    "NetAmount": 4012,
    "SD": 0,
    "TDS": 0,
    "TCS": 0,
    "ScrapTax": 0,
    "Others": 0,
    "NetPayble": 4012,
    "AmountReceived": 4012,
    "ChequeNEFTDetails": "NEFT",
    "PaymentReceivedDate": "30.06.25",
    "id": "1762083369223"
  },
  {
    "SrNo": 21,
    "Date": "20.05.25",
    "BillNo": "021/MBS/2025-26",
    "WorkDescrp": "Repairing",
    "HSNSAC": 998719,
    "PartyDetails": "Bengal Energy Ltd",
    "PartyGSTNo": "19AADCB1581F1ZT",
    "JobCost": 69215,
    "TaxRate": "18%",
    "CGST": 6229.35,
    "SGST": 6229.35,
    "Total": 81673.7,
    "Scrap": 0,
    "NetAmount": 81673.7,
    "SD": 0,
    "TDS": 1384.3,
    "TCS": 0,
    "ScrapTax": 0,
    "Others": 0,
    "NetPayble": 80289.4,
    "AmountReceived": 80289,
    "ChequeNEFTDetails": "NEFT",
    "PaymentReceivedDate": "07.07.25",
    "id": "1762083369184"
  },
  {
    "SrNo": 22,
    "Date": "22.05.25",
    "BillNo": "022/MBS/2025-26",
    "WorkDescrp": "Repairing",
    "HSNSAC": 998719,
    "PartyDetails": "Div Manager Jhargram  WBSEDCL",
    "PartyGSTNo": "19AAACW6953H1ZX",
    "JobCost": 320637.94,
    "TaxRate": "18%",
    "CGST": 28857.41,
    "SGST": 28857.41,
    "Total": 378352.77,
    "Scrap": 0,
    "NetAmount": 378352.77,
    "SD": 0,
    "TDS": 6412.76,
    "TCS": 0,
    "ScrapTax": 0,
    "Others": 0,
    "NetPayble": 371940.01,
    "id": "1762083369132"
  },
  {
    "SrNo": 23,
    "Date": "26.05.25",
    "BillNo": "023/MBS/2025-26",
    "WorkDescrp": "Supply",
    "HSNSAC": "7602 0010",
    "PartyDetails": "RK Traders",
    "PartyGSTNo": "19AAJFR4412L2ZV",
    "JobCost": 454072.85,
    "TaxRate": "18%",
    "CGST": 40866.56,
    "SGST": 40866.56,
    "Total": 535805.96,
    "Scrap": 0,
    "NetAmount": 535805.96,
    "SD": 0,
    "TDS": 0,
    "TCS": 0,
    "ScrapTax": 0,
    "Others": 0,
    "NetPayble": 535805.96,
    "AmountReceived": 535806,
    "ChequeNEFTDetails": "NEFT",
    "PaymentReceivedDate": "25.06.25",
    "id": "1762083369073"
  },
  {
    "SrNo": 24,
    "Date": "26.05.25",
    "BillNo": "024/MBS/2025-26",
    "WorkDescrp": "Maintenance",
    "HSNSAC": 998719,
    "PartyDetails": "Transafe Services Ltd",
    "PartyGSTNo": "19AAACI5531R1Z2",
    "JobCost": 5952.5,
    "TaxRate": "18%",
    "CGST": 535.73,
    "SGST": 535.73,
    "Total": 7023.95,
    "Scrap": 0,
    "NetAmount": 7023.95,
    "SD": 0,
    "TDS": 0,
    "TCS": 0,
    "ScrapTax": 0,
    "Others": 0,
    "NetPayble": 7023.95,
    "AmountReceived": 7024,
    "ChequeNEFTDetails": "NEFT",
    "PaymentReceivedDate": "10.06.2",
    "id": "1762083369043"
  },
  {
    "SrNo": 25,
    "Date": "26.05.25",
    "BillNo": "025/MBS/2025-26",
    "WorkDescrp": "Maintenance",
    "HSNSAC": 998719,
    "PartyDetails": "Rashmi Metaliks Ltd",
    "PartyGSTNo": "19AACCR7183E1Z6",
    "JobCost": 22500,
    "TaxRate": "18%",
    "CGST": 2025,
    "SGST": 2025,
    "Total": 26550,
    "Scrap": 0,
    "NetAmount": 26550,
    "SD": 0,
    "TDS": 450,
    "TCS": 0,
    "ScrapTax": 0,
    "Others": 0,
    "NetPayble": 26100,
    "AmountReceived": 26100,
    "ChequeNEFTDetails": "NEFT",
    "PaymentReceivedDate": "06.07.25",
    "id": "1762083369032"
  },
  {
    "SrNo": 26,
    "Date": "01.06.25",
    "BillNo": "026/MBS/2025-26",
    "WorkDescrp": "Maintenance",
    "HSNSAC": 998719,
    "PartyDetails": "Rashmi Cement Ltd",
    "PartyGSTNo": "19AABCR4343R1ZS",
    "JobCost": 55880,
    "TaxRate": "18%",
    "CGST": 5029.2,
    "SGST": 5029.2,
    "Total": 65938.4,
    "Scrap": 0,
    "NetAmount": 65938.4,
    "SD": 0,
    "TDS": 1117.6,
    "TCS": 0,
    "ScrapTax": 0,
    "Others": 0,
    "NetPayble": 64820.8,
    "AmountReceived": 64820,
    "ChequeNEFTDetails": "NEFT",
    "PaymentReceivedDate": "07.08.25",
    "id": "1762083368478"
  },
  {
    "SrNo": 27,
    "Date": "03.06.25",
    "BillNo": "027/MBS/2025-26",
    "WorkDescrp": "Repairing",
    "HSNSAC": 998719,
    "PartyDetails": "Hotel Classic Inn",
    "PartyGSTNo": "19AAEFH0121P1ZD",
    "JobCost": 131759,
    "TaxRate": "18%",
    "CGST": 11858.31,
    "SGST": 11858.31,
    "Total": 155475.62,
    "Scrap": 0,
    "NetAmount": 155475.62,
    "SD": 0,
    "TDS": 0,
    "TCS": 0,
    "ScrapTax": 0,
    "Others": 0,
    "NetPayble": 155475.62,
    "AmountReceived": 155746,
    "ChequeNEFTDetails": "NEFT",
    "PaymentReceivedDate": "03.06.25",
    "id": "1762083368446"
  },
  {
    "SrNo": 28,
    "Date": "07.06.25",
    "BillNo": "028/MBS/2025-26",
    "WorkDescrp": "Maintenance",
    "HSNSAC": 998719,
    "PartyDetails": "Orrisa Alloy Steel P Ltd",
    "PartyGSTNo": "19AAJCR8647J1ZL",
    "JobCost": 35200,
    "TaxRate": "18%",
    "CGST": 3168,
    "SGST": 3168,
    "Total": 41536,
    "Scrap": 0,
    "NetAmount": 41536,
    "SD": 0,
    "TDS": 704,
    "TCS": 0,
    "ScrapTax": 0,
    "Others": 0,
    "NetPayble": 40832,
    "AmountReceived": 40832,
    "ChequeNEFTDetails": "NEFT",
    "PaymentReceivedDate": "18.07.2025",
    "id": "1762083368401"
  },
  {
    "SrNo": 29,
    "Date": "11.06.25",
    "BillNo": "029/MBS/2025-26",
    "WorkDescrp": "Testing",
    "HSNSAC": 998719,
    "PartyDetails": "Neelachal Natural Sources P Ltd",
    "PartyGSTNo": "19AAACN8890Q1ZF",
    "JobCost": 7000,
    "TaxRate": "18%",
    "CGST": 630,
    "SGST": 630,
    "Total": 8260,
    "Scrap": 0,
    "NetAmount": 8260,
    "SD": 0,
    "TDS": 0,
    "TCS": 0,
    "ScrapTax": 0,
    "Others": 0,
    "NetPayble": 8260,
    "AmountReceived": 8260,
    "ChequeNEFTDetails": "Cheque",
    "PaymentReceivedDate": "12.06.25",
    "id": "1762083368368"
  },
  {
    "SrNo": 30,
    "Date": "11.06.25",
    "BillNo": "030/MBS/2025-26",
    "WorkDescrp": "Testing",
    "HSNSAC": 998719,
    "PartyDetails": "Ramco Industries Ltd",
    "PartyGSTNo": "19AAACR5284J1ZZ",
    "JobCost": 6500,
    "TaxRate": "18%",
    "CGST": 585,
    "SGST": 585,
    "Total": 7670,
    "Scrap": 0,
    "NetAmount": 7670,
    "SD": 0,
    "TDS": 130,
    "TCS": 0,
    "ScrapTax": 0,
    "Others": 0,
    "NetPayble": 7540,
    "AmountReceived": 6370,
    "ChequeNEFTDetails": "Cheque",
    "PaymentReceivedDate": "25.06.25",
    "id": "1762083368339"
  },
  {
    "SrNo": 31,
    "Date": "11.06.25",
    "BillNo": "031/MBS/2025-26",
    "WorkDescrp": "Maintenace",
    "HSNSAC": 998719,
    "PartyDetails": "TATA STEEL Ltd,",
    "PartyGSTNo": "19AAACT2803M1Z8",
    "JobCost": 18750,
    "TaxRate": "18%",
    "CGST": 1687.5,
    "SGST": 1687.5,
    "Total": 22125,
    "Scrap": 0,
    "NetAmount": 22125,
    "SD": 0,
    "TDS": 375,
    "TCS": 0,
    "ScrapTax": 0,
    "Others": 0,
    "NetPayble": 21750,
    "AmountReceived": 21750,
    "ChequeNEFTDetails": "NEFT",
    "PaymentReceivedDate": "11.08.25",
    "id": "1762083368318"
  },
  {
    "SrNo": 32,
    "Date": "12.06.25",
    "BillNo": "032/MBS/2025-26",
    "WorkDescrp": "Supply",
    "HSNSAC": "3824 9925",
    "PartyDetails": "JAPFA Comfeed India Pvt Ltd",
    "PartyGSTNo": "19AAACJ1855B1ZV",
    "JobCost": 3400,
    "TaxRate": "18%",
    "CGST": 306,
    "SGST": 306,
    "Total": 4012,
    "Scrap": 0,
    "NetAmount": 4012,
    "SD": 0,
    "TDS": 0,
    "TCS": 0,
    "ScrapTax": 0,
    "Others": 0,
    "NetPayble": 4012,
    "AmountReceived": 4012,
    "ChequeNEFTDetails": "NEFT",
    "PaymentReceivedDate": "16.07.25",
    "id": "1762083368292"
  },
  {
    "SrNo": 33,
    "Date": "18.06.25",
    "BillNo": "033/MBS/2025-26",
    "WorkDescrp": "Supply",
    "HSNSAC": 85049010,
    "PartyDetails": "Sai Sulphonates Pvt Ltd",
    "PartyGSTNo": "19AAECS6573R1ZC",
    "JobCost": 2700,
    "TaxRate": "18%",
    "CGST": 243,
    "SGST": 243,
    "Total": 3186,
    "Scrap": 0,
    "NetAmount": 3186,
    "SD": 0,
    "TDS": 0,
    "TCS": 0,
    "ScrapTax": 0,
    "Others": 0,
    "NetPayble": 3186,
    "AmountReceived": 3186,
    "ChequeNEFTDetails": "NEFT",
    "PaymentReceivedDate": "15.07.25",
    "id": "1762083368283"
  },
  {
    "SrNo": 34,
    "Date": "18.06.25",
    "BillNo": "034/MBS/2025-26",
    "WorkDescrp": "Testing",
    "HSNSAC": 998719,
    "PartyDetails": "Sai Surfactants Pvt ltd",
    "PartyGSTNo": "19AAECS4292D1Z9",
    "JobCost": 3600,
    "TaxRate": "18%",
    "CGST": 324,
    "SGST": 324,
    "Total": 4248,
    "Scrap": 0,
    "NetAmount": 4248,
    "SD": 0,
    "TDS": 0,
    "TCS": 0,
    "ScrapTax": 0,
    "Others": 0,
    "NetPayble": 4248,
    "AmountReceived": 4248,
    "ChequeNEFTDetails": "NEFT",
    "PaymentReceivedDate": "15.07.25",
    "id": "1762083367739"
  },
  {
    "SrNo": 35,
    "Date": "21.06.25",
    "BillNo": "035/MBS/2025-26",
    "WorkDescrp": "Maintenance",
    "HSNSAC": 998719,
    "PartyDetails": "Rashmi Green Hydrogen Steel Pvt Ltd",
    "PartyGSTNo": "19AALCR1619N1ZT",
    "JobCost": 50400,
    "TaxRate": "18%",
    "CGST": 4536,
    "SGST": 4536,
    "Total": 59472,
    "Scrap": 0,
    "NetAmount": 59472,
    "SD": 0,
    "TDS": 1008,
    "TCS": 0,
    "ScrapTax": 0,
    "Others": 0,
    "NetPayble": 58464,
    "PaymentReceivedDate": "Reminder on whatsaap",
    "id": "1762083367706"
  },
  {
    "SrNo": 36,
    "Date": "21.06.25",
    "BillNo": "036/MBS/2025-26",
    "WorkDescrp": "Maintenance",
    "HSNSAC": 998719,
    "PartyDetails": "Rashmi Green Hydrogen Steel Pvt Ltd",
    "PartyGSTNo": "19AALCR1619N1ZT",
    "JobCost": 43500,
    "TaxRate": "18%",
    "CGST": 3915,
    "SGST": 3915,
    "Total": 51330,
    "Scrap": 0,
    "NetAmount": 51330,
    "SD": 0,
    "TDS": 870,
    "TCS": 0,
    "ScrapTax": 0,
    "Others": 0,
    "NetPayble": 50460,
    "PaymentReceivedDate": "Reminder on whatsaap",
    "id": "1762083367682"
  },
  {
    "SrNo": 37,
    "Date": "22.06.25",
    "BillNo": "037/MBS/2025-26",
    "WorkDescrp": "Maintenance",
    "HSNSAC": 998719,
    "PartyDetails": "Orrisa Alloy Steel P Ltd",
    "PartyGSTNo": "19AAJCR8647J1ZL",
    "JobCost": 7500,
    "TaxRate": "18%",
    "CGST": 675,
    "SGST": 675,
    "Total": 8850,
    "Scrap": 0,
    "NetAmount": 8850,
    "SD": 0,
    "TDS": 150,
    "TCS": 0,
    "ScrapTax": 0,
    "Others": 0,
    "NetPayble": 8700,
    "AmountReceived": 8700,
    "ChequeNEFTDetails": "NEFT",
    "PaymentReceivedDate": "01.07.25",
    "id": "1762083367650"
  },
  {
    "SrNo": 38,
    "Date": "23.06.25",
    "BillNo": "038/MBS/2025-26",
    "WorkDescrp": "Maintenance",
    "HSNSAC": 998719,
    "PartyDetails": "Rashmi Green Hydrogen Steel Pvt Ltd",
    "PartyGSTNo": "19AALCR1619N1ZT",
    "JobCost": 18000,
    "TaxRate": "18%",
    "CGST": 1620,
    "SGST": 1620,
    "Total": 21240,
    "Scrap": 0,
    "NetAmount": 21240,
    "SD": 0,
    "TDS": 360,
    "TCS": 0,
    "ScrapTax": 0,
    "Others": 0,
    "NetPayble": 20880,
    "PaymentReceivedDate": "Reminder on whatsaap",
    "id": "1762083367619"
  },
  {
    "SrNo": 39,
    "Date": "24.06.25",
    "BillNo": "039/MBS/2025-26",
    "WorkDescrp": "Repairing",
    "HSNSAC": 998719,
    "PartyDetails": "Div Manager Tamluk  WBSEDCL",
    "PartyGSTNo": "19AAACW6953H1ZX",
    "JobCost": 349914.92,
    "TaxRate": "18%",
    "CGST": 31492.34,
    "SGST": 31492.34,
    "Total": 412899.61,
    "Scrap": 0,
    "NetAmount": 412899.61,
    "SD": 0,
    "TDS": 6998.3,
    "TCS": 0,
    "ScrapTax": 0,
    "Others": 0,
    "NetPayble": 405901.31,
    "id": "1762083367587"
  },
  {
    "SrNo": 40,
    "Date": "30.06.25",
    "BillNo": "040/MBS/2025-26",
    "WorkDescrp": "Maintenance",
    "HSNSAC": 998719,
    "PartyDetails": "Rashmi Metaliks Ltd",
    "PartyGSTNo": "19AACCR7183E1Z6",
    "JobCost": 24000,
    "TaxRate": "18%",
    "CGST": 2160,
    "SGST": 2160,
    "Total": 28320,
    "Scrap": 0,
    "NetAmount": 28320,
    "SD": 0,
    "TDS": 480,
    "TCS": 0,
    "ScrapTax": 0,
    "Others": 0,
    "NetPayble": 27840,
    "id": "1762083367549"
  },
  {
    "SrNo": 41,
    "Date": "30.06.25",
    "BillNo": "041/MBS/2025-26",
    "WorkDescrp": "Maintenance",
    "HSNSAC": 998719,
    "PartyDetails": "Flender Drives Pvt LTD",
    "PartyGSTNo": "19AAECF2019F1ZX",
    "JobCost": 32844,
    "TaxRate": "18%",
    "CGST": 2955.96,
    "SGST": 2955.96,
    "Total": 38755.92,
    "Scrap": 0,
    "NetAmount": 38755.92,
    "SD": 0,
    "TDS": 656.88,
    "TCS": 0,
    "ScrapTax": 0,
    "Others": 0,
    "NetPayble": 38099.04,
    "AmountReceived": 38099,
    "ChequeNEFTDetails": "NEFT",
    "PaymentReceivedDate": "14.08.24",
    "id": "1762083367527"
  },
  {
    "SrNo": 42,
    "Date": "04.07.25",
    "BillNo": "042/MBS/2025-26",
    "WorkDescrp": "Maintenance",
    "HSNSAC": 998719,
    "PartyDetails": "Rashmi Green Hydrogen Steel Pvt Ltd",
    "PartyGSTNo": "19AALCR1619N1ZT",
    "JobCost": 18000,
    "TaxRate": "18%",
    "CGST": 1620,
    "SGST": 1620,
    "Total": 21240,
    "Scrap": 0,
    "NetAmount": 21240,
    "SD": 0,
    "TDS": 360,
    "TCS": 0,
    "ScrapTax": 0,
    "Others": 0,
    "NetPayble": 20880,
    "PaymentReceivedDate": "Reminder on whatsaap",
    "id": "1762083367517"
  },
  {
    "SrNo": 43,
    "Date": "08.07.25",
    "BillNo": "043/MBS/2025-26",
    "WorkDescrp": "Maintenance",
    "HSNSAC": 998719,
    "PartyDetails": "Rashmi Green Hydrogen Steel Pvt Ltd",
    "PartyGSTNo": "19AALCR1619N1ZT",
    "JobCost": 84006,
    "TaxRate": "18%",
    "CGST": 7560.54,
    "SGST": 7560.54,
    "Total": 99127.08,
    "Scrap": 0,
    "NetAmount": 99127.08,
    "SD": 0,
    "TDS": 1680.12,
    "TCS": 0,
    "ScrapTax": 0,
    "Others": 0,
    "NetPayble": 97446.96,
    "PaymentReceivedDate": "Reminder on whatsaap",
    "id": "1762083366954"
  },
  {
    "SrNo": 44,
    "Date": "12.07.25",
    "BillNo": "044/MBS/2025-26",
    "Status": "s",
    "WorkDescrp": "Maintenance",
    "HSNSAC": 998719,
    "PartyDetails": "Rashmi Green Hydrogen Steel Pvt Ltd",
    "PartyGSTNo": "19AALCR1619N1ZT",
    "JobCost": 18000,
    "TaxRate": 18,
    "CGST": 1620,
    "SGST": 1620,
    "Total": 21240,
    "Scrap": 0,
    "NetAmount": 21240,
    "SD": 0,
    "TDS": 360,
    "TCS": 0,
    "ScrapTax": 0,
    "Others": 0,
    "NetPayble": 20880,
    "AmountReceived": 0,
    "ChequeNEFTDetails": 0,
    "PaymentReceivedDate": "Reminder on whatsaap",
    "BillTotal": 0,
    "id": "1762083366912"
  },
  {
    "SrNo": 45,
    "Date": "15.07.25",
    "BillNo": "045/MBS/2025-26",
    "WorkDescrp": "Supply",
    "HSNSAC": 27101985,
    "PartyDetails": "Supreme Industries",
    "PartyGSTNo": "19AAACT1344F1ZL",
    "JobCost": 24453,
    "TaxRate": "18%",
    "CGST": 2200.77,
    "SGST": 2200.77,
    "Total": 28854.54,
    "Scrap": 0,
    "NetAmount": 28854.54,
    "SD": 0,
    "TDS": 0,
    "TCS": 0,
    "ScrapTax": 0,
    "Others": 0,
    "NetPayble": 28854.54,
    "AmountReceived": 28854,
    "ChequeNEFTDetails": "NEFT",
    "PaymentReceivedDate": "30.07.25",
    "id": "1762083366884"
  },
  {
    "SrNo": 46,
    "Date": "15.07.25",
    "BillNo": "046/MBS/2025-26",
    "WorkDescrp": "Supply",
    "HSNSAC": 85049010,
    "PartyDetails": "Supreme Industries",
    "PartyGSTNo": "19AAACT1344F1ZL",
    "JobCost": 9100,
    "TaxRate": "18%",
    "CGST": 819,
    "SGST": 819,
    "Total": 10738,
    "Scrap": 0,
    "NetAmount": 10738,
    "SD": 0,
    "TDS": 0,
    "TCS": 0,
    "ScrapTax": 0,
    "Others": 0,
    "NetPayble": 10738,
    "AmountReceived": 10738,
    "ChequeNEFTDetails": "NEFT",
    "PaymentReceivedDate": "30.07.25",
    "id": "1762083366850"
  },
  {
    "SrNo": 47,
    "Date": "23.07.25",
    "BillNo": "047/MBS/2025-26",
    "WorkDescrp": "Repairing",
    "HSNSAC": 998719,
    "PartyDetails": "Bengal Energy Ltd",
    "PartyGSTNo": "19AADCB1581F1ZT",
    "JobCost": 184000,
    "TaxRate": "18%",
    "CGST": 16560,
    "SGST": 16560,
    "Total": 217120,
    "Scrap": 0,
    "NetAmount": 217120,
    "SD": 0,
    "TDS": 3680,
    "TCS": 0,
    "ScrapTax": 0,
    "Others": 0,
    "NetPayble": 213440,
    "id": "1762083366827"
  },
  {
    "SrNo": 48,
    "Date": "23.07.25",
    "BillNo": "048MBS/2025-26",
    "WorkDescrp": "Maintenance",
    "HSNSAC": 998719,
    "PartyDetails": "UAL Bengal",
    "PartyGSTNo": "19AAACU3497L1ZP",
    "JobCost": 28490,
    "TaxRate": "18%",
    "CGST": 2564.1,
    "SGST": 2564.1,
    "Total": 33618.2,
    "Scrap": 0,
    "NetAmount": 33618.2,
    "SD": 0,
    "TDS": 0,
    "TCS": 0,
    "ScrapTax": 0,
    "Others": 0,
    "NetPayble": 33618.2,
    "AmountReceived": 33618,
    "ChequeNEFTDetails": "NEFT",
    "PaymentReceivedDate": "02.08.25",
    "id": "1762083366805"
  },
  {
    "SrNo": 49,
    "Date": "23.07.25",
    "BillNo": "049/MBS/2025-26",
    "WorkDescrp": "Maintenance",
    "HSNSAC": 998719,
    "PartyDetails": "UAL Bengal",
    "PartyGSTNo": "19AAACU3497L1ZP",
    "JobCost": 7000,
    "TaxRate": "18%",
    "CGST": 630,
    "SGST": 630,
    "Total": 8260,
    "Scrap": 0,
    "NetAmount": 8260,
    "SD": 0,
    "TDS": 0,
    "TCS": 0,
    "ScrapTax": 0,
    "Others": 0,
    "NetPayble": 8260,
    "AmountReceived": 8260,
    "ChequeNEFTDetails": "NEFt",
    "PaymentReceivedDate": "02.08.25",
    "id": "1762083366780"
  },
  {
    "SrNo": 50,
    "Date": "25.07.25",
    "BillNo": "050/MBS/2025-26",
    "WorkDescrp": "Supply",
    "HSNSAC": 27101985,
    "PartyDetails": "UAL Bengal",
    "PartyGSTNo": "19AAACU3497L1ZP",
    "JobCost": 28307.5,
    "TaxRate": "18%",
    "CGST": 2547.68,
    "SGST": 2547.68,
    "Total": 33402.85,
    "Scrap": 0,
    "NetAmount": 33402.85,
    "SD": 0,
    "TDS": 566.15,
    "TCS": 0,
    "ScrapTax": 0,
    "Others": 0,
    "NetPayble": 32836.7,
    "AmountReceived": 33403,
    "ChequeNEFTDetails": "NEFT",
    "PaymentReceivedDate": "01.09.25",
    "id": "1762083366763"
  },
  {
    "SrNo": 51,
    "Date": "26.07.25",
    "BillNo": "051/MBS/2025-26",
    "WorkDescrp": "Repairing",
    "HSNSAC": 998719,
    "PartyDetails": "Div Manager Jhargram  WBSEDCL",
    "PartyGSTNo": "19AAACW6953H1ZX",
    "JobCost": 278823.04,
    "TaxRate": "18%",
    "CGST": 25094.07,
    "SGST": 25094.07,
    "Total": 329011.19,
    "Scrap": 47299.2,
    "NetAmount": 281711.99,
    "SD": 0,
    "TDS": 5576.46,
    "TCS": 0,
    "ScrapTax": 0,
    "Others": 0,
    "NetPayble": 276135.53,
    "id": "1762083366753"
  },
  {
    "SrNo": 52,
    "Date": "28.07.25",
    "BillNo": "052/MBS/2025-26",
    "WorkDescrp": "Supply",
    "HSNSAC": 85049010,
    "PartyDetails": "Vishaka Industries",
    "PartyGSTNo": "19AAACV7263K1ZU",
    "JobCost": 3250,
    "TaxRate": "18%",
    "CGST": 292.5,
    "SGST": 292.5,
    "Total": 3835,
    "Scrap": 0,
    "NetAmount": 3835,
    "SD": 0,
    "TDS": 0,
    "TCS": 0,
    "ScrapTax": 0,
    "Others": 0,
    "NetPayble": 3835,
    "AmountReceived": 3835,
    "ChequeNEFTDetails": "NEFT",
    "PaymentReceivedDate": "08.09.25",
    "id": "1762083366210"
  },
  {
    "SrNo": 53,
    "Date": "01.08.25",
    "BillNo": "053/MBS/2025-26",
    "WorkDescrp": "Repairing",
    "HSNSAC": 998719,
    "PartyDetails": "Coastal Trade Links",
    "PartyGSTNo": "37ABXPB0975H1ZA",
    "JobCost": 4400,
    "TaxRate": "18%",
    "CGST": 396,
    "SGST": 396,
    "Total": 5192,
    "Scrap": 0,
    "NetAmount": 5192,
    "SD": 0,
    "TDS": 0,
    "TCS": 0,
    "ScrapTax": 0,
    "Others": 0,
    "NetPayble": 5192,
    "AmountReceived": 5192,
    "ChequeNEFTDetails": "NEFT",
    "PaymentReceivedDate": "02.08.25",
    "id": "1762083366184"
  },
  {
    "SrNo": 54,
    "Date": "02.08.25",
    "BillNo": "054/MBS/2025-26",
    "WorkDescrp": "Repairing",
    "HSNSAC": 998719,
    "PartyDetails": "Aone Tech Engg",
    "PartyGSTNo": "19BHYPH1134C1ZD",
    "JobCost": 35000,
    "TaxRate": "18%",
    "CGST": 3150,
    "SGST": 3150,
    "Total": 41300,
    "Scrap": 0,
    "NetAmount": 41300,
    "SD": 0,
    "TDS": 0,
    "TCS": 0,
    "ScrapTax": 0,
    "Others": 0,
    "NetPayble": 41300,
    "AmountReceived": 82010,
    "ChequeNEFTDetails": "NEFT",
    "PaymentReceivedDate": "23.07.23",
    "id": "1762083366164"
  },
  {
    "SrNo": 55,
    "Date": "06.08.25",
    "BillNo": "055/MBS/2025-26",
    "WorkDescrp": "Supply",
    "HSNSAC": 8546,
    "PartyDetails": "Div Manager Belda  WBSEDCL",
    "PartyGSTNo": "19AAACW6953H1ZX",
    "JobCost": 1600,
    "TaxRate": "18%",
    "CGST": 144,
    "SGST": 144,
    "Total": 1888,
    "Scrap": 0,
    "NetAmount": 1888,
    "SD": 0,
    "TDS": 0,
    "TCS": 0,
    "ScrapTax": 0,
    "Others": 0,
    "NetPayble": 1888,
    "id": "1762083366132"
  },
  {
    "SrNo": 56,
    "Date": "12.08.25",
    "BillNo": "056/MBS/2025-26",
    "WorkDescrp": "Repairing",
    "HSNSAC": 998719,
    "PartyDetails": "Bengal Energy Ltd",
    "PartyGSTNo": "19AADCB1581F1ZT",
    "JobCost": 91000,
    "TaxRate": "18%",
    "CGST": 8190,
    "SGST": 8190,
    "Total": 107380,
    "Scrap": 0,
    "NetAmount": 107380,
    "SD": 0,
    "TDS": 1820,
    "TCS": 0,
    "ScrapTax": 0,
    "Others": 0,
    "NetPayble": 105560,
    "id": "1762083366100"
  },
  {
    "SrNo": 57,
    "Date": "12.08.25",
    "BillNo": "057/MBS/2025-26",
    "WorkDescrp": "Repairing",
    "HSNSAC": 998719,
    "PartyDetails": "Bengal Energy Ltd",
    "PartyGSTNo": "19AADCB1581F1ZT",
    "JobCost": 22432,
    "TaxRate": "18%",
    "CGST": 2018.88,
    "SGST": 2018.88,
    "Total": 26469.76,
    "Scrap": 0,
    "NetAmount": 26469.76,
    "SD": 0,
    "TDS": 448.64,
    "TCS": 0,
    "ScrapTax": 0,
    "Others": 0,
    "NetPayble": 26021.12,
    "id": "1762083366078"
  },
  {
    "SrNo": 58,
    "Date": "13.08.25",
    "BillNo": "058/MBS/2025-26",
    "WorkDescrp": "Supply",
    "HSNSAC": 2101985,
    "PartyDetails": "Aone Tech Engg",
    "PartyGSTNo": "19BHYPH1134C1ZD",
    "JobCost": 14124,
    "TaxRate": "18%",
    "CGST": 1271.16,
    "SGST": 1271.16,
    "Total": 16666.32,
    "Scrap": 0,
    "NetAmount": 16666.32,
    "SD": 0,
    "TDS": 0,
    "TCS": 0,
    "ScrapTax": 0,
    "Others": 0,
    "NetPayble": 16666.32,
    "AmountReceived": 16666,
    "ChequeNEFTDetails": "NEFT",
    "PaymentReceivedDate": "23.08.25",
    "id": "1762083366059"
  },
  {
    "SrNo": 59,
    "Date": "15.08.25",
    "BillNo": "059/MBS/2025-26",
    "WorkDescrp": "Supply",
    "HSNSAC": 2101985,
    "PartyDetails": "Supreme Industries",
    "PartyGSTNo": "19AAACT1344F1ZL",
    "JobCost": 48906,
    "TaxRate": "18%",
    "CGST": 4401.54,
    "SGST": 4401.54,
    "Total": 57709.08,
    "Scrap": 0,
    "NetAmount": 57709.08,
    "SD": 0,
    "TDS": 0,
    "TCS": 0,
    "ScrapTax": 0,
    "Others": 0,
    "NetPayble": 57709.08,
    "AmountReceived": 57709,
    "ChequeNEFTDetails": "NEFT",
    "PaymentReceivedDate": "28.08.25",
    "id": "1762083366035"
  },
  {
    "SrNo": 60,
    "Date": "16.08.25",
    "BillNo": "060/MBS/2025-26",
    "WorkDescrp": "Repairing",
    "HSNSAC": 998719,
    "PartyDetails": "Supreme Industries",
    "PartyGSTNo": "19AAACT1344F1ZL",
    "JobCost": 32620,
    "TaxRate": "18%",
    "CGST": 2935.8,
    "SGST": 2935.8,
    "Total": 38491.6,
    "Scrap": 0,
    "NetAmount": 38491.6,
    "SD": 0,
    "TDS": 652.4,
    "TCS": 0,
    "ScrapTax": 0,
    "Others": 0,
    "NetPayble": 37839.2,
    "id": "1762083366017"
  },
  {
    "SrNo": 61,
    "Date": "16.08.25",
    "BillNo": "061/MBS/2025-26",
    "WorkDescrp": "Repairing",
    "HSNSAC": 998719,
    "PartyDetails": "Supreme Industries",
    "PartyGSTNo": "19AAACT1344F1ZL",
    "JobCost": 37620,
    "TaxRate": "18%",
    "CGST": 3385.8,
    "SGST": 3385.8,
    "Total": 44391.6,
    "Scrap": 0,
    "NetAmount": 44391.6,
    "SD": 0,
    "TDS": 752.4,
    "TCS": 0,
    "ScrapTax": 0,
    "Others": 0,
    "NetPayble": 43639.2,
    "id": "1762083365997"
  },
  {
    "SrNo": 62,
    "Date": "16.08.25",
    "BillNo": "062/MBS/2025-26",
    "WorkDescrp": "Maintenance",
    "HSNSAC": 998719,
    "PartyDetails": "Innovel Energy Services pvt ltd",
    "PartyGSTNo": "19AADCE1639H1ZN",
    "JobCost": 6500,
    "TaxRate": "18%",
    "CGST": 585,
    "SGST": 585,
    "Total": 7670,
    "Scrap": 0,
    "NetAmount": 7670,
    "SD": 0,
    "TDS": 130,
    "TCS": 0,
    "ScrapTax": 0,
    "Others": 0,
    "NetPayble": 7540,
    "AmountReceived": 6500,
    "ChequeNEFTDetails": "NEFT",
    "id": "1762083365983"
  },
  {
    "SrNo": 63,
    "Date": "16.08.25",
    "BillNo": "063/MBS/2025-26",
    "WorkDescrp": "Maintenance",
    "HSNSAC": 998719,
    "PartyDetails": "Rashmi Green Hydrogen Steel Pvt Ltd",
    "PartyGSTNo": "19AALCR1619N1ZT",
    "JobCost": 7200,
    "TaxRate": "18%",
    "CGST": 648,
    "SGST": 648,
    "Total": 8496,
    "Scrap": 0,
    "NetAmount": 8496,
    "SD": 720,
    "TDS": 144,
    "TCS": 0,
    "ScrapTax": 0,
    "Others": 0,
    "NetPayble": 7632,
    "AmountReceived": 7632,
    "ChequeNEFTDetails": "NEFT",
    "PaymentReceivedDate": "22.09.25",
    "id": "1762083365438"
  },
  {
    "SrNo": 64,
    "Date": "16.08.25",
    "BillNo": "064/MBS/2025-26",
    "Status": 1,
    "WorkDescrp": "Maintenance",
    "HSNSAC": 998719,
    "PartyDetails": "Rashmi Metaliks Ltd",
    "PartyGSTNo": "19AACCR7183E1Z6",
    "JobCost": 1000,
    "TaxRate": 18,
    "CGST": 90,
    "SGST": 90,
    "Total": 1180,
    "Scrap": 0,
    "NetAmount": 1180,
    "SD": 0,
    "TDS": 0,
    "TCS": 0,
    "ScrapTax": 0,
    "Others": 0,
    "NetPayble": 1180,
    "AmountReceived": 1180,
    "ChequeNEFTDetails": "NEFT",
    "PaymentReceivedDate": "08.09.25",
    "BillTotal": 1,
    "id": "1762083365420"
  },
  {
    "SrNo": 65,
    "Date": "21.08.25",
    "BillNo": "065/MBS/2025-26",
    "WorkDescrp": "Repairing",
    "HSNSAC": 998719,
    "PartyDetails": "ACE & Zonal Manager WBSEDCL",
    "PartyGSTNo": "19AAACW6953H1ZX",
    "JobCost": 3500,
    "TaxRate": "18%",
    "CGST": 315,
    "SGST": 315,
    "Total": 4130,
    "Scrap": 0,
    "NetAmount": 4130,
    "SD": 0,
    "TDS": 0,
    "TCS": 0,
    "ScrapTax": 0,
    "Others": 0,
    "NetPayble": 4130,
    "AmountReceived": 4130,
    "ChequeNEFTDetails": "NEFt",
    "PaymentReceivedDate": "10.09.25",
    "id": "1762083365399"
  },
  {
    "SrNo": 66,
    "Date": "23.08.25",
    "BillNo": "066/MBS/2025-26",
    "Status": 1,
    "WorkDescrp": "Maintenance",
    "HSNSAC": 998719,
    "PartyDetails": "St Joseph's Hospital",
    "PartyGSTNo": "19AAETS1781Q1ZN",
    "JobCost": 21400,
    "TaxRate": 17,
    "CGST": 1926,
    "SGST": 1926,
    "Total": 25252,
    "Scrap": 0,
    "NetAmount": 25252,
    "SD": 0,
    "TDS": 0,
    "TCS": 0,
    "ScrapTax": 0,
    "Others": 0,
    "NetPayble": 25252,
    "AmountReceived": 25252,
    "ChequeNEFTDetails": "NEFT",
    "PaymentReceivedDate": "25.08.25",
    "BillTotal": 0,
    "id": "1762083365369"
  },
  {
    "SrNo": 67,
    "Date": "23.08.25",
    "BillNo": "067/MBS/2025-26",
    "WorkDescrp": "Repairing",
    "HSNSAC": 998719,
    "PartyDetails": "Div Manager Kharagpur WBSEDCL",
    "PartyGSTNo": "19AAACW6953H1ZX",
    "JobCost": 23639.82,
    "TaxRate": "18%",
    "CGST": 2127.58,
    "SGST": 2127.58,
    "Total": 27894.99,
    "Scrap": 0,
    "NetAmount": 27894.99,
    "SD": 0,
    "TDS": 472.8,
    "TCS": 0,
    "ScrapTax": 0,
    "Others": 0,
    "NetPayble": 27422.19,
    "id": "1762083365349"
  },
  {
    "SrNo": 68,
    "Date": "23.08.25",
    "BillNo": "068/MBS/2025-26",
    "WorkDescrp": "Repairing",
    "HSNSAC": 998719,
    "PartyDetails": "Div Manager Kharagpur WBSEDCL",
    "PartyGSTNo": "19AAACW6953H1ZX",
    "JobCost": 273616.08,
    "TaxRate": "18%",
    "CGST": 24625.45,
    "SGST": 24625.45,
    "Total": 322866.97,
    "Scrap": 0,
    "NetAmount": 322866.97,
    "SD": 0,
    "TDS": 5472.32,
    "TCS": 0,
    "ScrapTax": 0,
    "Others": 0,
    "NetPayble": 317394.65,
    "id": "1762083365329"
  },
  {
    "SrNo": 69,
    "Date": "23.08.25",
    "BillNo": "069/MBS/2025-26",
    "WorkDescrp": "Repairing",
    "HSNSAC": 998719,
    "PartyDetails": "Div Manager Mednipore WBSEDCL",
    "PartyGSTNo": "19AAACW6953H1ZX",
    "JobCost": 397086.44,
    "TaxRate": "18%",
    "CGST": 35737.78,
    "SGST": 35737.78,
    "Total": 468562,
    "Scrap": 0,
    "NetAmount": 468562,
    "SD": 0,
    "TDS": 7941.73,
    "TCS": 0,
    "ScrapTax": 0,
    "Others": 0,
    "NetPayble": 460620.27,
    "id": "1762083365306"
  },
  {
    "SrNo": 70,
    "Date": "26.08.25",
    "BillNo": "070/MBS/2025-26",
    "WorkDescrp": "Repairing",
    "HSNSAC": 998719,
    "PartyDetails": "Div Manager Jhargram WBSEDCL",
    "PartyGSTNo": "19AAACW6953H1ZX",
    "JobCost": 366150.18,
    "TaxRate": "18%",
    "CGST": 32953.52,
    "SGST": 32953.52,
    "Total": 432057.21,
    "Scrap": 0,
    "NetAmount": 432057.21,
    "SD": 0,
    "TDS": 7323,
    "TCS": 0,
    "ScrapTax": 0,
    "Others": 0,
    "NetPayble": 424734.21,
    "id": "1762083365287"
  },
  {
    "SrNo": 71,
    "Date": "30.08.25",
    "BillNo": "071/MBS/2025-26",
    "WorkDescrp": "Maintenance",
    "HSNSAC": 998719,
    "PartyDetails": "Orrisa Alloy Steel P Ltd",
    "PartyGSTNo": "19AAJCR8647J1ZL",
    "JobCost": 7500,
    "TaxRate": "18%",
    "CGST": 675,
    "SGST": 675,
    "Total": 8850,
    "Scrap": 0,
    "NetAmount": 8850,
    "SD": 0,
    "TDS": 265,
    "TCS": 0,
    "ScrapTax": 0,
    "Others": 0,
    "NetPayble": 8585,
    "AmountReceived": 8585,
    "ChequeNEFTDetails": "NEFT",
    "PaymentReceivedDate": "08.09.25",
    "id": "1762083365265"
  },
  {
    "SrNo": 72,
    "Date": "01.09.25",
    "BillNo": "072/MBS/2025-26",
    "WorkDescrp": "Maintenance",
    "HSNSAC": 998719,
    "PartyDetails": "The Sr Divisional Electrical Engineer (General) Railways ",
    "PartyGSTNo": "19AAAGM0289C1ZG",
    "JobCost": 289527.28,
    "TaxRate": "18%",
    "CGST": 26057.46,
    "SGST": 26057.46,
    "Total": 341642.19,
    "Scrap": 0,
    "NetAmount": 341642.19,
    "SD": 0,
    "TDS": 5790.55,
    "TCS": 0,
    "ScrapTax": 0,
    "Others": 0,
    "NetPayble": 335851.64,
    "id": "1762083365248"
  },
  {
    "SrNo": 73,
    "Date": "11.09.25",
    "BillNo": "073/MBS/2025-26",
    "WorkDescrp": "Supply",
    "HSNSAC": 27101985,
    "PartyDetails": "Evergreen Mineral Pvt Ltd",
    "PartyGSTNo": "19AACCE5493Q1ZT",
    "JobCost": 240,
    "TaxRate": "18%",
    "CGST": 21.6,
    "SGST": 21.6,
    "Total": 283.2,
    "Scrap": 0,
    "NetAmount": 283.2,
    "SD": 0,
    "TDS": 4.8,
    "TCS": 0,
    "ScrapTax": 0,
    "Others": 0,
    "NetPayble": 278.4,
    "id": "1762083365235"
  },
  {
    "SrNo": 74,
    "Date": "12.09.25",
    "BillNo": "074/MBS/2025-26",
    "WorkDescrp": "Maintenance",
    "HSNSAC": 998719,
    "PartyDetails": "Flender Drives Pvt LTD",
    "PartyGSTNo": "19AAECF2019F1ZX",
    "JobCost": 32844,
    "TaxRate": "18%",
    "CGST": 2955.96,
    "SGST": 2955.96,
    "Total": 38755.92,
    "Scrap": 0,
    "NetAmount": 38755.92,
    "SD": 0,
    "TDS": 656.88,
    "TCS": 0,
    "ScrapTax": 0,
    "Others": 0,
    "NetPayble": 38099.04,
    "id": "1762083365224"
  },
  {
    "SrNo": 75,
    "Date": "15.09.25",
    "BillNo": "075/MBS/2025-26",
    "WorkDescrp": "Maintenance",
    "HSNSAC": 998719,
    "PartyDetails": " Godrej Agrovet Limited,     ",
    "PartyGSTNo": "19AAACG0617Q1ZD    ",
    "JobCost": 16000,
    "TaxRate": "18%",
    "CGST": 1440,
    "SGST": 1440,
    "Total": 18880,
    "Scrap": 0,
    "NetAmount": 18880,
    "SD": 0,
    "TDS": 320,
    "TCS": 0,
    "ScrapTax": 0,
    "Others": 0,
    "NetPayble": 18560,
    "id": "1762083365215"
  },
  {
    "SrNo": 76,
    "Date": "16.09.25",
    "BillNo": "076/MBS/2025-26",
    "Status": 1,
    "WorkDescrp": "Supply",
    "HSNSAC": 27101985,
    "PartyDetails": "RCS Power and Infrastructure",
    "PartyGSTNo": "19AXKPS8982L1Z7",
    "JobCost": 22990,
    "TaxRate": 17,
    "CGST": 2069.1,
    "SGST": 2069.1,
    "Total": 27128.2,
    "Scrap": 0,
    "NetAmount": 27128.2,
    "SD": 0,
    "TDS": 459.8,
    "TCS": 0,
    "ScrapTax": 0,
    "Others": 0,
    "NetPayble": 26668.4,
    "AmountReceived": 0,
    "ChequeNEFTDetails": 0,
    "PaymentReceivedDate": 0,
    "BillTotal": 0,
    "id": "1762083365208"
  },
  {
    "SrNo": 77,
    "Date": "23.09.25",
    "BillNo": "077/MBS/2025-26",
    "Status": 1,
    "WorkDescrp": "Maintenance",
    "HSNSAC": 998719,
    "PartyDetails": "Ramswarup Industries Ltd",
    "PartyGSTNo": "19AACCR2821D1ZP",
    "JobCost": 72297.5,
    "TaxRate": 18,
    "CGST": 6506.7,
    "SGST": 6506.77,
    "Total": 85311.04,
    "Scrap": 0,
    "NetAmount": 85311.04,
    "SD": 0,
    "TDS": 1445.95,
    "TCS": -1,
    "ScrapTax": 0,
    "Others": 0,
    "NetPayble": 83865.09,
    "AmountReceived": 0,
    "ChequeNEFTDetails": 0,
    "PaymentReceivedDate": 0,
    "BillTotal": 0,
    "id": "1762083365197"
  },
  {
    "SrNo": 78,
    "Date": "26.09.25",
    "BillNo": "078/MBS/2025-26",
    "Status": 1,
    "WorkDescrp": "Maintenance",
    "HSNSAC": 998719,
    "PartyDetails": "Orissa Steel And Power Pvt Ltd",
    "PartyGSTNo": "19AAJCR8607A1ZC",
    "JobCost": 25300,
    "TaxRate": 5,
    "CGST": 2277,
    "SGST": 2277,
    "Total": 29854,
    "Scrap": 0,
    "NetAmount": 29854,
    "SD": 0,
    "TDS": 506,
    "TCS": 0,
    "ScrapTax": 0,
    "Others": 0,
    "NetPayble": 29348,
    "AmountReceived": 0,
    "ChequeNEFTDetails": 0,
    "PaymentReceivedDate": 0,
    "BillTotal": 0,
    "id": "1762083365188"
  },
  {
    "SrNo": 79,
    "Date": "14.10.25",
    "BillNo": "079/MBS/2025-26",
    "Status": 1,
    "WorkDescrp": "Maintenance",
    "HSNSAC": 998719,
    "PartyDetails": "Orissa Steel And Power Pvt Ltd",
    "PartyGSTNo": "19AACCR2821D1ZP",
    "JobCost": 1562,
    "TaxRate": 18,
    "CGST": 256,
    "SGST": 256,
    "Total": 25604,
    "Scrap": 0,
    "NetAmount": 25604,
    "SD": 0,
    "TDS": 0,
    "TCS": 0,
    "ScrapTax": 0,
    "Others": 0,
    "NetPayble": 0,
    "AmountReceived": 0,
    "ChequeNEFTDetails": 0,
    "PaymentReceivedDate": 0,
    "BillTotal": 0,
    "id": "1762083365180"
  },
  {
    "SrNo": 19,
    "Date": "14.05.25",
    "BillNo": "019/MBS/2025-26",
    "WorkDescrp": "Repairing",
    "HSNSAC": 998719,
    "PartyDetails": "Div Manager Ghatal  WBSEDCL",
    "PartyGSTNo": "19AAACW6953H1ZX",
    "JobCost": 337728.73,
    "TaxRate": "8818%",
    "CGST": 30395.59,
    "SGST": 30395.59,
    "Total": 398519.9,
    "Scrap": 0,
    "NetAmount": 398519.9,
    "SD": 0,
    "TDS": 6754.57,
    "TCS": 0,
    "ScrapTax": 0,
    "Others": 0,
    "NetPayble": 391765.33,
    "id": "1762080308607",
    "updatedAt": "2025-11-02T10:52:07.008Z"
  }
]