[
  {
    "CertificateDetails": "Potential Transformer PT",
    "CertificateNo": "MBS/PT/01",
    "CertificateDuedate": "10.07.26",
    "id": "1760526846990"
  },
  {
    "CertificateDetails": "Current Transformer CT",
    "CertificateNo": "MBS/CT/01, MBS/CT/02 MBS/CT/03",
    "CertificateDuedate": "10.07.26",
    "id": "1760526846965"
  },
  {
    "CertificateDetails": "Digital Thermometer",
    "CertificateNo": 131155390,
    "CertificateDuedate": "10.07.26",
    "id": "1760526846939"
  },
  {
    "CertificateDetails": "Megger",
    "CertificateNo": 346128,
    "CertificateDuedate": "10.07.26",
    "id": "1760526846921"
  },
  {
    "CertificateDetails": "Megger",
    "CertificateNo": 93036,
    "CertificateDuedate": "10.07.26",
    "id": "1760526846897"
  },
  {
    "CertificateDetails": "Frequency Meter",
    "CertificateNo": "1/08/004706/377",
    "CertificateDuedate": "10.07.26",
    "id": "1760526846875"
  },
  {
    "CertificateDetails": "Frequency Meter",
    "CertificateNo": "3/96/56168/5",
    "CertificateDuedate": "10.07.26",
    "id": "1760526846854"
  },
  {
    "CertificateDetails": "Ammeter (AC)",
    "CertificateNo": 22653,
    "CertificateDuedate": "10.07.26",
    "id": "1760526846831"
  },
  {
    "CertificateDetails": "Ammeter (AC)",
    "CertificateNo": 22659,
    "CertificateDuedate": "10.07.26",
    "id": "1760526846808"
  },
  {
    "CertificateDetails": "Ammeter (AC)",
    "CertificateNo": 22658,
    "CertificateDuedate": "10.07.26",
    "id": "1760526846787"
  },
  {
    "CertificateDetails": "Voltmeter",
    "CertificateNo": "S18G 004528",
    "CertificateDuedate": "10.07.26",
    "id": "1760526846774"
  },
  {
    "CertificateDetails": "Kilo Voltmeter (AC)",
    "CertificateNo": "09/08/60",
    "CertificateDuedate": "10.07.26",
    "id": "1760526846758"
  },
  {
    "CertificateDetails": "Milli Ammeter (AC)",
    "CertificateNo": "MBS/mA-01",
    "CertificateDuedate": "10.07.26",
    "id": "1760526845838"
  },
  {
    "CertificateDetails": "Milli Ammeter (AC)",
    "CertificateNo": "MBS/mA-02",
    "CertificateDuedate": "10.07.26",
    "id": "1760526845741"
  },
  {
    "CertificateDetails": "Kilo Voltmeter (AC)",
    "CertificateNo": "MBS/KV-01",
    "CertificateDuedate": "10.07.26",
    "id": "1760526845650"
  },
  {
    "CertificateDetails": "Kilo Voltmeter (AC)",
    "CertificateNo": "S11B003162",
    "CertificateDuedate": "10.07.26",
    "id": "1760526845632"
  },
  {
    "CertificateDetails": "Multimeter",
    "CertificateNo": 10277455,
    "CertificateDuedate": "10.07.26",
    "id": "1760526844508"
  },
  {
    "CertificateDetails": "Multimeter",
    "CertificateNo": "010080864",
    "CertificateDuedate": "10.07.26",
    "id": "1760526844431"
  },
  {
    "CertificateDetails": "Ammeter (AC)",
    "CertificateNo": "06/13/305250/19",
    "CertificateDuedate": "10.07.26",
    "id": "1760526844351"
  },
  {
    "CertificateDetails": "Ammeter (AC)",
    "CertificateNo": "1/95/44681/8",
    "CertificateDuedate": "10.07.26",
    "id": "1760526844332"
  },
  {
    "CertificateDetails": "Voltmeter (AC)",
    "CertificateNo": "5/99/82585/13",
    "CertificateDuedate": "10.07.26",
    "id": "1760526843434"
  },
  {
    "CertificateDetails": "Voltmeter (AC)",
    "CertificateNo": "5/95/47092/2",
    "CertificateDuedate": "10.07.26",
    "id": "1760526843358"
  },
  {
    "CertificateDetails": "Wattmeter (0.2PF)",
    "CertificateNo": "01/14/308472/5",
    "CertificateDuedate": "10.07.26",
    "id": "1760526843268"
  },
  {
    "CertificateDetails": "Wattmeter (0.2PF)",
    "CertificateNo": "8/96/60972/88",
    "CertificateDuedate": "10.07.26",
    "id": "1760526843202"
  },
  {
    "CertificateDetails": "Wattmeter (0.2PF)",
    "CertificateNo": "5/90/2891/18",
    "CertificateDuedate": "10.07.26",
    "id": "1760526843180"
  },
  {
    "CertificateDetails": "Wattmeter (UPF)",
    "CertificateNo": "3/90/2891/13",
    "CertificateDuedate": "10.07.26",
    "id": "1760526842079"
  },
  {
    "CertificateDetails": "Wattmeter (UPF)",
    "CertificateNo": "10/96/61902/10",
    "CertificateDuedate": "10.07.26",
    "id": "1760526842005"
  },
  {
    "CertificateDetails": "Wattmeter (UPF)",
    "CertificateNo": "1/95/44681/3",
    "CertificateDuedate": "10.07.26",
    "id": "1760526841945"
  },
  {
    "CertificateDetails": "Transformer Turn Ration Meter",
    "CertificateNo": 201601205,
    "CertificateDuedate": "10.07.26",
    "id": "1760526841889"
  },
  {
    "CertificateDetails": "Clamp Meter",
    "CertificateNo": 733672,
    "CertificateDuedate": "10.07.26",
    "id": "1760526841820"
  },
  {
    "CertificateDetails": "Transformer Resistance meter",
    "CertificateNo": 20140702,
    "CertificateDuedate": "10.07.26",
    "id": "1760526841776"
  },
  {
    "CertificateDetails": "Power Analyser",
    "CertificateNo": "C2QB04050V",
    "CertificateDuedate": "10.07.26",
    "id": "1760526841766"
  },
  {
    "CertificateDetails": "megger",
    "CertificateNo": "oidahfoa0555",
    "CertificateDuedate": "2025-10-27",
    "id": "1760526605055"
  },
  {
    "CertificateDetails": "TTR",
    "CertificateNo": "001",
    "CertificateDuedate": "2025-12-03",
    "id": "1760352923741",
    "updatedAt": "2025-11-02T11:01:00.872Z"
  },
  {
    "CertificateDetails": "Resistnace meter",
    "CertificateNo": "012454",
    "CertificateDuedate": "2025-10-01",
    "id": "1760352923732",
    "updatedAt": "2025-10-23T22:48:58.934Z"
  }
]