[
  {
    "ID": "1759791128245",
    "Location": "Site",
    "Category": "Public",
    "Client": "hitsismyclient",
    "WorkOrder": "worksdsdoder",
    "Date": "dataedate",
    "SiteLocation": "sitelocationsitelocati",
    "TypeOfJob": "typa",
    "FileNo": "filnu",
    "Make": "maki",
    "OilQty": "oil",
    "BillSubmission": "bill",
    "Payment": "pay",
    "Amount": "am",
    "TransformerDetails": [
      {
        "KVA": 11,
        "SrNo": 11,
        "Rating": 11,
        "Note": 11
      },
      {
        "KVA": 22,
        "SrNo": 22,
        "Rating": 22,
        "Note": 22
      },
      {
        "KVA": 33,
        "SrNo": 33,
        "Rating": 33,
        "Note": 33
      },
      {
        "KVA": 44,
        "SrNo": 44,
        "Rating": 44,
        "Note": 44
      }
    ]
  },
  {
    "ID": "1759435320132",
    "Location": "Site",
    "Category": "Public",
    "Client": "hitsismyclient",
    "WorkOrder": "worksdsdoder",
    "Date": "dataedate",
    "SiteLocation": "sitelocationsitelocati",
    "TypeOfJob": "typa",
    "FileNo": "filnu",
    "Make": "maki",
    "OilQty": "oil",
    "BillSubmission": "bill",
    "Payment": "pay",
    "Amount": "am",
    "TransformerDetails": [
      {
        "KVA": 11,
        "SrNo": 11,
        "Rating": 11,
        "Note": 11
      },
      {
        "KVA": 22,
        "SrNo": 22,
        "Rating": 22,
        "Note": 22
      },
      {
        "KVA": 33,
        "SrNo": 33,
        "Rating": 33,
        "Note": 33
      }
    ]
  },
  {
    "ID": "1759361970852",
    "Location": "Site",
    "Category": "Public",
    "Client": "aofnofn",
    "WorkOrder": "odnong",
    "Date": "oisfndgkfogkfogmsk",
    "SiteLocation": "newnewnewnewen",
    "TypeOfJob": "pigpdg",
    "TransformerDetails": [
      {
        "KVA": "pl",
        "SrNo": "s",
        "Rating": "plpl",
        "Note": "plpl"
      },
      {
        "KVA": "second",
        "SrNo": "second",
        "Rating": "second",
        "Note": "second"
      }
    ],
    "FileNo": "",
    "Make": "",
    "OilQty": "",
    "BillSubmission": "",
    "Payment": "",
    "Amount": "",
    "SecurityDeposited": "",
    "updatedAt": "2025-10-02T00:07:32.020Z"
  },
  {
    "ID": "1759361398324",
    "Location": "Site",
    "Category": "Public",
    "Client": "alnfsnf",
    "WorkOrder": "onkdaong",
    "Date": "2025-10-16",
    "SiteLocation": "jdsgnodsgno",
    "TypeOfJob": "dngoind",
    "TransformerDetails": [
      {
        "KVA": "2",
        "SrNo": "233",
        "Rating": "4",
        "Note": "242"
      }
    ],
    "FileNo": "sdgd",
    "Make": "ogod",
    "OilQty": "",
    "BillSubmission": "",
    "Payment": "",
    "Amount": "",
    "SecurityDeposited": "",
    "updatedAt": "2025-10-02T00:07:40.985Z"
  },
  {
    "ID": "1759358356664",
    "Location": "Site",
    "Category": "Public",
    "Client": "dnang",
    "WorkOrder": "sitepunlicrecord",
    "Date": "2025-10-10",
    "SiteLocation": "sitelocatioanssl",
    "TypeOfJob": "Maintain",
    "TransformerDetails": [
      {
        "KVA": "1",
        "SrNo": "1",
        "Rating": "1",
        "Note": "1"
      },
      {
        "KVA": "2",
        "SrNo": "2",
        "Rating": "2",
        "Note": "2333"
      }
    ],
    "FileNo": "",
    "Make": "",
    "OilQty": "",
    "BillSubmission": "",
    "Payment": "",
    "Amount": "",
    "SecurityDeposited": "",
    "updatedAt": "2025-10-01T23:38:30.076Z"
  }
]