[
  {
    "ID": "1761259146117",
    "Location": "Inhouse",
    "Category": "Public",
    "Client": "onb",
    "WorkOrder": "o",
    "Date": "n",
    "FileNo": "on",
    "Dismetalling": "o",
    "Inspection": "n",
    "InformToClient": "o",
    "Approval": "no",
    "Winding": "n",
    "Assembly": "on",
    "HeatChamber": "o",
    "Testing": "n",
    "ClientInspection": "o",
    "Delivery": "oi",
    "BillSubmission": "n",
    "Payment": "oin",
    "Amount": "oini",
    "SecurityDeposited": "newnenwenwewnewnewnewnewnewnewnewnewne"
  },
  {
    "ID": "1759870021952",
    "Location": "Inhouse",
    "Category": "Public",
    "Client": "recordd",
    "WorkOrder": "rokfodfaop",
    "Date": "08.10.2024",
    "FileNo": "",
    "Dismetalling": "",
    "Inspection": "",
    "InformToClient": "",
    "Approval": "",
    "Winding": "",
    "Assembly": "",
    "HeatChamber": "",
    "Testing": "",
    "ClientInspection": "",
    "Delivery": "",
    "BillSubmission": "",
    "Payment": "",
    "Amount": "",
    "SecurityDeposited": ""
  },
  {
    "ID": "1759352907530",
    "Location": "In House",
    "Category": "Public",
    "Client": "Jfjf",
    "WorkOrder": "Newrecordtets",
    "Date": "16.10.2025",
    "FileNo": "",
    "Dismetalling": "",
    "Inspection": "",
    "InformToClient": "",
    "Approval": "",
    "Winding": "",
    "Assembly": "",
    "HeatChamber": "",
    "Testing": "",
    "ClientInspection": "",
    "Delivery": "",
    "BillSubmission": "",
    "Payment": "",
    "Amount": "",
    "SecurityDeposited": "",
    "updatedAt": "2025-10-07T20:45:36.500Z"
  },
  {
    "ID": "1759349520444",
    "Location": "Inhouse",
    "Category": "Public",
    "Client": "aff",
    "WorkOrder": "wokrofsfa",
    "Date": "13.02.2002",
    "FileNo": "",
    "Dismetalling": "",
    "Inspection": "",
    "InformToClient": "",
    "Approval": "",
    "Winding": "",
    "Assembly": "",
    "HeatChamber": "",
    "Testing": "",
    "ClientInspection": "",
    "Delivery": "",
    "BillSubmission": "",
    "Payment": "",
    "Amount": "",
    "SecurityDeposited": "",
    "updatedAt": "2025-10-07T20:46:08.075Z"
  }
]