[
  {
    "ID": "1759790007047",
    "Location": "In House",
    "Category": "Private",
    "Client": "Jdjdjd",
    "WorkOrder": "nowimport",
    "Date": "2025-10-15",
    "FileNo": "",
    "Dismetalling": "",
    "Inspection": "",
    "InformToClient": "",
    "Approval": "",
    "Winding": "",
    "Assembly": "",
    "HeatChamber": "",
    "Testing": "",
    "ClientInspection": "",
    "Delivery": "",
    "BillSubmission": "",
    "Payment": "",
    "Amount": "",
    "SecurityDeposited": ""
  },
  {
    "ID": "1759789817884",
    "Location": "In House",
    "Category": "Private",
    "Client": "Jdjdjd",
    "WorkOrder": "nowimport",
    "Date": "2025-10-15",
    "FileNo": "",
    "Dismetalling": "",
    "Inspection": "",
    "InformToClient": "",
    "Approval": "",
    "Winding": "",
    "Assembly": "",
    "HeatChamber": "",
    "Testing": "",
    "ClientInspection": "",
    "Delivery": "",
    "BillSubmission": "",
    "Payment": "",
    "Amount": "",
    "SecurityDeposited": ""
  },
  {
    "ID": "1759366725305",
    "Location": "Inhouse",
    "Category": "Private",
    "Client": "horibol",
    "WorkOrder": "horibolworlffs",
    "Date": "2025-10-15",
    "FileNo": "ghjkl",
    "Dismetalling": "jp",
    "Inspection": "",
    "InformToClient": "",
    "Approval": "",
    "Winding": "",
    "Assembly": "oihohi",
    "HeatChamber": "",
    "Testing": "",
    "ClientInspection": "",
    "Delivery": "",
    "BillSubmission": "",
    "Payment": "",
    "Amount": "",
    "SecurityDeposited": ""
  },
  {
    "ID": "1759366725294",
    "Location": "In House",
    "Category": "Private",
    "Client": "sdfgh",
    "WorkOrder": "dfghjk",
    "Date": "2025-10-02",
    "FileNo": "",
    "Dismetalling": "",
    "Inspection": "",
    "InformToClient": "",
    "Approval": "",
    "Winding": "",
    "Assembly": "",
    "HeatChamber": "",
    "Testing": "",
    "ClientInspection": "",
    "Delivery": "",
    "BillSubmission": "",
    "Payment": "",
    "Amount": "",
    "SecurityDeposited": ""
  },
  {
    "ID": "1759366725288",
    "Location": "In House",
    "Category": "Private",
    "Client": "Ufufud",
    "WorkOrder": "Fjfuif",
    "Date": "2025-10-16",
    "FileNo": "",
    "Dismetalling": "",
    "Inspection": "",
    "InformToClient": "",
    "Approval": "",
    "Winding": "",
    "Assembly": "",
    "HeatChamber": "",
    "Testing": "",
    "ClientInspection": "",
    "Delivery": "",
    "BillSubmission": "",
    "Payment": "",
    "Amount": "",
    "SecurityDeposited": ""
  },
  {
    "ID": "1759366725282",
    "Location": "In House",
    "Category": "Private",
    "Client": "dsjghsid",
    "WorkOrder": "dknlk",
    "Date": "2025-10-02",
    "FileNo": "",
    "Dismetalling": "",
    "Inspection": "",
    "InformToClient": "",
    "Approval": "",
    "Winding": "",
    "Assembly": "",
    "HeatChamber": "",
    "Testing": "",
    "ClientInspection": "",
    "Delivery": "",
    "BillSubmission": "",
    "Payment": "",
    "Amount": "",
    "SecurityDeposited": ""
  },
  {
    "ID": "1759352986768",
    "Location": "In House",
    "Category": "Private",
    "Client": "dsjghsid",
    "WorkOrder": "dknlk",
    "Date": "2025-10-02",
    "FileNo": "",
    "Dismetalling": "",
    "Inspection": "",
    "InformToClient": "",
    "Approval": "",
    "Winding": "",
    "Assembly": "",
    "HeatChamber": "",
    "Testing": "",
    "ClientInspection": "",
    "Delivery": "",
    "BillSubmission": "",
    "Payment": "",
    "Amount": "",
    "SecurityDeposited": ""
  },
  {
    "ID": "1759352940519",
    "Location": "In House",
    "Category": "Private",
    "Client": "Ufufud",
    "WorkOrder": "Fjfuif",
    "Date": "2025-10-16",
    "FileNo": "",
    "Dismetalling": "",
    "Inspection": "",
    "InformToClient": "",
    "Approval": "",
    "Winding": "",
    "Assembly": "",
    "HeatChamber": "",
    "Testing": "",
    "ClientInspection": "",
    "Delivery": "",
    "BillSubmission": "",
    "Payment": "",
    "Amount": "",
    "SecurityDeposited": ""
  },
  {
    "ID": "1759350747971",
    "Location": "In House",
    "Category": "Private",
    "Client": "sdfgh",
    "WorkOrder": "dfghjk",
    "Date": "2025-10-02",
    "FileNo": "",
    "Dismetalling": "",
    "Inspection": "",
    "InformToClient": "",
    "Approval": "",
    "Winding": "",
    "Assembly": "",
    "HeatChamber": "",
    "Testing": "",
    "ClientInspection": "",
    "Delivery": "",
    "BillSubmission": "",
    "Payment": "",
    "Amount": "",
    "SecurityDeposited": ""
  },
  {
    "ID": "1759353032840",
    "Location": "Inhouse",
    "Category": "Private",
    "Client": "horibol",
    "WorkOrder": "horibolworlffs",
    "Date": "2025-10-15",
    "FileNo": "ghjkl",
    "Dismetalling": "jp",
    "Inspection": "",
    "InformToClient": "",
    "Approval": "",
    "Winding": "",
    "Assembly": "oihohi",
    "HeatChamber": "",
    "Testing": "",
    "ClientInspection": "",
    "Delivery": "",
    "BillSubmission": "",
    "Payment": "",
    "Amount": "",
    "SecurityDeposited": ""
  }
]