[
  {
    "ID": "1759790007037",
    "Location": "Site",
    "Category": "Private",
    "Client": "idgidg",
    "WorkOrder": "importedwith",
    "Date": "0006-04-05",
    "SiteLocation": "locatiosaong",
    "TypeOfJob": "Filter",
    "TransformerDetails": [
      {
        "KVA": "kva11",
        "SrNo": "sr11",
        "Rating": "rating11",
        "Note": "note11"
      },
      {
        "KVA": "kva22",
        "SrNo": "sr22",
        "Rating": "rating22",
        "Note": "note22"
      },
      {
        "KVA": "kva33",
        "SrNo": "srno33",
        "Rating": "rating33",
        "Note": "note33"
      }
    ],
    "FileNo": "",
    "Make": "",
    "OilQty": "",
    "BillSubmission": "",
    "Payment": "",
    "Amount": "",
    "SecurityDeposited": ""
  },
  {
    "ID": "1759789817875",
    "Location": "Site",
    "Category": "Private",
    "Client": "idgidg",
    "WorkOrder": "importedwith",
    "Date": "0006-04-05",
    "SiteLocation": "locatiosaong",
    "TypeOfJob": "Filter",
    "TransformerDetails": [
      {
        "KVA": "kva11",
        "SrNo": "sr11",
        "Rating": "rating11",
        "Note": "note11"
      },
      {
        "KVA": "kva22",
        "SrNo": "sr22",
        "Rating": "rating22",
        "Note": "note22"
      },
      {
        "KVA": "kva33",
        "SrNo": "srno33",
        "Rating": "rating33",
        "Note": "note33"
      }
    ],
    "FileNo": "",
    "Make": "",
    "OilQty": "",
    "BillSubmission": "",
    "Payment": "",
    "Amount": "",
    "SecurityDeposited": ""
  },
  {
    "ID": "1759366863005",
    "Location": "Site",
    "Category": "Private",
    "Client": "clio",
    "WorkOrder": "dpgpsdgsdg",
    "Date": "0006-04-05",
    "SiteLocation": "locatiosaong",
    "TypeOfJob": "Filter",
    "FileNo": "",
    "Make": "",
    "OilQty": "",
    "BillSubmission": "",
    "Payment": "",
    "Amount": "",
    "SecurityDeposited": "",
    "updatedAt": "2025-10-02T00:08:36.512Z",
    "TransformerDetails": [
      {
        "KVA": "dgdg",
        "SrNo": "ddkghdoh",
        "Rating": "dgpndih",
        "Note": "dpidpohn"
      },
      {
        "KVA": "Note",
        "SrNo": "Note",
        "Rating": "Note",
        "Note": "Note"
      },
      {
        "KVA": 33,
        "SrNo": 33,
        "Rating": 33,
        "Note": 33
      }
    ]
  },
  {
    "ID": "1759366777467",
    "Location": "Site",
    "Category": "Private",
    "Client": "idgidg",
    "WorkOrder": "siteprivatedatasf",
    "Date": "0006-04-05",
    "SiteLocation": "locatiosaong",
    "TypeOfJob": "Filter",
    "FileNo": "",
    "Make": "",
    "OilQty": "",
    "BillSubmission": "",
    "Payment": "",
    "Amount": "",
    "SecurityDeposited": "",
    "updatedAt": "2025-10-02T00:08:36.512Z",
    "TransformerDetails": [
      {
        "KVA": "dgdg",
        "SrNo": "ddkghdoh",
        "Rating": "dgpndih",
        "Note": "dpidpohn"
      },
      {
        "KVA": "Note",
        "SrNo": "Note",
        "Rating": "Note",
        "Note": "Note"
      }
    ]
  },
  {
    "ID": "1759360356702",
    "Location": "Site",
    "Category": "Private",
    "Client": "idgidg",
    "WorkOrder": "siteprivatedatasf",
    "Date": "0006-04-05",
    "SiteLocation": "locatiosaong",
    "TypeOfJob": "Filter",
    "TransformerDetails": [
      {
        "KVA": "dgdg",
        "SrNo": "ddkghdoh",
        "Rating": "dgpndih",
        "Note": "dpidpohn"
      },
      {
        "KVA": "Note",
        "SrNo": "Note",
        "Rating": "Note",
        "Note": "Note"
      }
    ],
    "FileNo": "",
    "Make": "",
    "OilQty": "",
    "BillSubmission": "",
    "Payment": "",
    "Amount": "",
    "SecurityDeposited": "",
    "updatedAt": "2025-10-02T00:08:36.512Z"
  }
]