[
  {
    "ID": "1762121536446",
    "Location": "In House",
    "Category": "WBSEDCL",
    "LOINo": 3300064083,
    "LOIDate": "01.09.22",
    "Division": "Tamluk",
    "Tender": "P-14",
    "FileNo": 1,
    "WorkOrder": 4083,
    "PrelimarySurvey": "24.09.24",
    "SIRNofTransformer": "12.11.24",
    "FinalSurvey": "24.09.24",
    "SRNofDrainoutOil": "12.11.24",
    "StageInspection": "08.10.24",
    "OilStatement": "10.10.24",
    "SIRNofOil": "30.01.25",
    "TransfomerTesting": "05.11.24",
    "Materialdeliveredon": "11.11.24",
    "SRNofTransformer": "18.03.24",
    "Estimate": "05.11.24",
    "FormalOrderPlaced": "10.11.24",
    "OrderReferanceno": 4800030977,
    "OrderDate": "24.02.25",
    "Billsubmission": "12.03.25",
    "Payment": 0,
    "NetAmount": 94244.16,
    "SecurityDepositesubmitted": "No",
    "SecurityDepositeReceived": 0
  },
  {
    "ID": "1762121536362",
    "Location": "In House",
    "Category": "WBSEDCL",
    "LOINo": 3300064231,
    "LOIDate": "09.09.22",
    "Division": "Jhargram",
    "Tender": "P-14",
    "FileNo": 2,
    "WorkOrder": 4231,
    "PrelimarySurvey": "04.10.24",
    "SIRNofTransformer": "26.11.24",
    "FinalSurvey": "08.10.24",
    "SRNofDrainoutOil": "18.12.24",
    "StageInspection": "05.11.24",
    "OilStatement": "10.11.24",
    "SIRNofOil": "08.04.25",
    "TransfomerTesting": "20.11.24",
    "Materialdeliveredon": "21.11.24",
    "SRNofTransformer": "04.04.25",
    "Estimate": "11.11.24",
    "FormalOrderPlaced": "14.11.24",
    "OrderReferanceno": 4800031345,
    "OrderDate": "24.03.25",
    "Billsubmission": "08.04.25",
    "Payment": 0,
    "NetAmount": 320513.72,
    "SecurityDepositesubmitted": "No",
    "SecurityDepositeReceived": 0
  },
  {
    "ID": "1762121536320",
    "Location": "In House",
    "Category": "WBSEDCL",
    "LOINo": 3300064395,
    "LOIDate": "21.09.22",
    "Division": "Kharagpur",
    "Tender": "P-14",
    "FileNo": 3,
    "WorkOrder": 4395,
    "PrelimarySurvey": "04.10.24",
    "SIRNofTransformer": "29.10.24",
    "FinalSurvey": "08.10.24",
    "SRNofDrainoutOil": "NA",
    "StageInspection": "24.10.24",
    "OilStatement": "10.12.24",
    "SIRNofOil": "11.12.24",
    "TransfomerTesting": "05.11.24",
    "Materialdeliveredon": "06.11.24",
    "SRNofTransformer": "17.07.25",
    "Estimate": "02.11.24",
    "FormalOrderPlaced": "06.11.24",
    "OrderReferanceno": 4800032366,
    "OrderDate": "23.06.25",
    "Billsubmission": "05.08.25",
    "Payment": 0,
    "NetAmount": 308840.23,
    "SecurityDepositesubmitted": "No",
    "SecurityDepositeReceived": 0
  },
  {
    "ID": "1762121536308",
    "Location": "In House",
    "Category": "WBSEDCL",
    "LOINo": 3300064083,
    "LOIDate": "01.09.22",
    "Division": "Tamluk",
    "Tender": "P-14",
    "FileNo": 1,
    "WorkOrder": 4083,
    "PrelimarySurvey": "01.09.22",
    "SIRNofTransformer": "07.09.22",
    "FinalSurvey": "06.09.22",
    "SRNofDrainoutOil": "25.11.22",
    "StageInspection": "14.09.22",
    "OilStatement": "24.11.22",
    "SIRNofOil": "25.11.22",
    "TransfomerTesting": "28.09.22",
    "Materialdeliveredon": "29.09.22",
    "SRNofTransformer": "29.09.22",
    "Estimate": "17.11.22",
    "FormalOrderPlaced": "18.11.22",
    "OrderReferanceno": 4800022982,
    "OrderDate": "12.07.23",
    "Billsubmission": "17.08.23",
    "Payment": "17.10.23",
    "NetAmount": 234160.82,
    "SecurityDepositesubmitted": "Yes",
    "SecurityDepositeReceived": 0
  },
  {
    "ID": "1762121535942",
    "Location": "In House",
    "Category": "WBSEDCL",
    "LOINo": 3300064231,
    "LOIDate": "09.09.22",
    "Division": "Jhargram",
    "Tender": "P-14",
    "FileNo": 2,
    "WorkOrder": 4231,
    "PrelimarySurvey": "09.09.22",
    "SIRNofTransformer": "09.09.22",
    "FinalSurvey": "14.09.22",
    "SRNofDrainoutOil": "NA",
    "StageInspection": "28.09.22",
    "OilStatement": "18.09.22",
    "SIRNofOil": "19.09.22",
    "TransfomerTesting": "11.11.22",
    "Materialdeliveredon": "14.11.22",
    "SRNofTransformer": "05.01.23",
    "Estimate": "14.11.22",
    "FormalOrderPlaced": "14.11.23",
    "OrderReferanceno": 4800025204,
    "OrderDate": "02.02.24",
    "Billsubmission": "20.03.24",
    "Payment": "03.10.24",
    "NetAmount": 361275.62,
    "SecurityDepositesubmitted": "Yes",
    "SecurityDepositeReceived": 0
  },
  {
    "ID": "1762121535891",
    "Location": "In House",
    "Category": "WBSEDCL",
    "LOINo": 3300064395,
    "LOIDate": "21.09.22",
    "Division": "Kharagpur",
    "Tender": "P-14",
    "FileNo": 3,
    "WorkOrder": 4395,
    "PrelimarySurvey": "26.08.22",
    "SIRNofTransformer": "22.09.22",
    "FinalSurvey": "26.08.22",
    "SRNofDrainoutOil": "22.09.22",
    "StageInspection": "06.09.22",
    "OilStatement": "10.09.22",
    "SIRNofOil": "06.06.23",
    "TransfomerTesting": "21.09.22",
    "Materialdeliveredon": "22.09.22",
    "SRNofTransformer": "22.09.22",
    "Estimate": "07.11.22",
    "FormalOrderPlaced": "07.11.22",
    "OrderReferanceno": 4800022152,
    "OrderDate": "31.03.23",
    "Billsubmission": "24.07.23",
    "Payment": "28.02.24",
    "NetAmount": 130567.46,
    "SecurityDepositesubmitted": "Yes",
    "SecurityDepositeReceived": 0
  },
  {
    "ID": "1762121535851",
    "Location": "In House",
    "Category": "WBSEDCL",
    "LOINo": 3300064509,
    "LOIDate": "29.09.22",
    "Division": "Tamluk",
    "Tender": "P-14",
    "FileNo": 4,
    "WorkOrder": 4509,
    "PrelimarySurvey": "30.09.22",
    "SIRNofTransformer": "30.09.22",
    "FinalSurvey": "19.10.22",
    "SRNofDrainoutOil": "10.03.23",
    "StageInspection": "11.11.22",
    "OilStatement": "13.11.22",
    "SIRNofOil": "17.02.23",
    "TransfomerTesting": "24.11.22",
    "Materialdeliveredon": "25.11.22",
    "SRNofTransformer": "25.11.22",
    "Estimate": "03.01.23",
    "FormalOrderPlaced": "04.01.23",
    "OrderReferanceno": 4800023254,
    "OrderDate": "11.08.23",
    "Billsubmission": "11.11.23",
    "Payment": "30.03.24",
    "NetAmount": 323817.38,
    "SecurityDepositesubmitted": "Yes",
    "SecurityDepositeReceived": 0
  },
  {
    "ID": "1762121535813",
    "Location": "In House",
    "Category": "WBSEDCL",
    "LOINo": 3300064597,
    "LOIDate": "13.10.22",
    "Division": "Mednipore",
    "Tender": "P-14",
    "FileNo": 5,
    "WorkOrder": 64597,
    "PrelimarySurvey": "14.10.22",
    "SIRNofTransformer": "14.10.22",
    "FinalSurvey": "19.10.22",
    "SRNofDrainoutOil": "14.10.22",
    "StageInspection": "11.11.22",
    "OilStatement": "20.11.2",
    "SIRNofOil": "23.11.22",
    "TransfomerTesting": "09.12.22",
    "Materialdeliveredon": "12.12.22",
    "SRNofTransformer": "12.12.22",
    "Estimate": "10.12.22",
    "FormalOrderPlaced": "12.12.22",
    "OrderReferanceno": 4800022325,
    "OrderDate": "11.05.23",
    "Billsubmission": "24.07.23",
    "Payment": "26.09.23",
    "NetAmount": 288787.74,
    "SecurityDepositesubmitted": "Yes",
    "SecurityDepositeReceived": 0
  },
  {
    "ID": "1762121535799",
    "Location": "In House",
    "Category": "WBSEDCL",
    "LOINo": 3300064720,
    "LOIDate": "20.10.22",
    "Division": "Jhargram",
    "Tender": "P-14",
    "FileNo": 6,
    "WorkOrder": 4720,
    "PrelimarySurvey": "20.10.22",
    "SIRNofTransformer": "20.10.22",
    "FinalSurvey": "11.121.22",
    "SRNofDrainoutOil": "NA",
    "StageInspection": "24.11.22",
    "OilStatement": "05.01.23",
    "SIRNofOil": "06.01.23",
    "TransfomerTesting": "23.12.22",
    "Materialdeliveredon": "27.12.22",
    "SRNofTransformer": "27.12.22",
    "Estimate": "24.12.22",
    "FormalOrderPlaced": "27.12.22",
    "OrderReferanceno": 4800024921,
    "OrderDate": "18.01.24",
    "Billsubmission": "15.02.24",
    "Payment": "03.09.24",
    "NetAmount": 327600.38,
    "SecurityDepositesubmitted": "Yes",
    "SecurityDepositeReceived": 0
  },
  {
    "ID": "1762121535219",
    "Location": "In House",
    "Category": "WBSEDCL",
    "LOINo": 3300064796,
    "LOIDate": "04.11.22",
    "Division": "Belda",
    "Tender": "P-14",
    "FileNo": 7,
    "WorkOrder": 64796,
    "PrelimarySurvey": "04.11.22",
    "SIRNofTransformer": "24.11.22",
    "FinalSurvey": "11.11.22",
    "SRNofDrainoutOil": "31.01.23",
    "StageInspection": "09.12.22",
    "OilStatement": "10.12.22",
    "SIRNofOil": "31.01.23",
    "TransfomerTesting": "04.01.23",
    "Materialdeliveredon": "09.01.23",
    "SRNofTransformer": "24.01.23",
    "Estimate": "30.01.23",
    "FormalOrderPlaced": "31.01.23",
    "OrderReferanceno": 4800024389,
    "OrderDate": "07.12.23",
    "Billsubmission": "21.08.24",
    "Payment": "18.07.25",
    "NetAmount": 218546.68,
    "SecurityDepositesubmitted": "No",
    "SecurityDepositeReceived": 0
  },
  {
    "ID": "1762121535176",
    "Location": "In House",
    "Category": "WBSEDCL",
    "LOINo": 3300064857,
    "LOIDate": "04.11.22",
    "Division": "Egra",
    "Tender": "P-14",
    "FileNo": 8,
    "WorkOrder": 4857,
    "PrelimarySurvey": "14.11.22",
    "SIRNofTransformer": "01.12.22",
    "FinalSurvey": "11.11.22",
    "SRNofDrainoutOil": "20.12.22",
    "StageInspection": "09.12.22",
    "OilStatement": "10.12.22",
    "SIRNofOil": "22.11.23",
    "TransfomerTesting": "23.12.22",
    "Materialdeliveredon": "28.12.22",
    "SRNofTransformer": "28.12.22",
    "Estimate": "30.01.22",
    "FormalOrderPlaced": "31.01.23",
    "OrderReferanceno": 4800022410,
    "OrderDate": "17.05.23",
    "Billsubmission": "04.10.23",
    "Payment": "19.07.25",
    "NetAmount": 236184.27,
    "SecurityDepositesubmitted": "No",
    "SecurityDepositeReceived": "No"
  },
  {
    "ID": "1762121535127",
    "Location": "In House",
    "Category": "WBSEDCL",
    "LOINo": 3300064811,
    "LOIDate": "07.11.22",
    "Division": "Kharagpur",
    "Tender": "P-14",
    "FileNo": 9,
    "WorkOrder": 64811,
    "PrelimarySurvey": "07.11.22",
    "SIRNofTransformer": "07.11.22",
    "FinalSurvey": "11.11.22",
    "SRNofDrainoutOil": "30.01.23",
    "StageInspection": "23.12.22",
    "OilStatement": "26.12.22",
    "SIRNofOil": "05.10.23",
    "TransfomerTesting": "19.01.23",
    "Materialdeliveredon": "19.01.23",
    "SRNofTransformer": "20.1.23",
    "Estimate": "15.02.23",
    "FormalOrderPlaced": "16.02.23",
    "OrderReferanceno": 4800023042,
    "OrderDate": "18.07.23",
    "Billsubmission": "17.10.23",
    "Payment": "20.06.24",
    "NetAmount": 369839.68,
    "SecurityDepositesubmitted": "Yes",
    "SecurityDepositeReceived": 0
  },
  {
    "ID": "1762121535091",
    "Location": "In House",
    "Category": "WBSEDCL",
    "LOINo": 3300065005,
    "LOIDate": "29.11.22",
    "Division": "Tamluk",
    "Tender": "P-14",
    "FileNo": 10,
    "WorkOrder": 5005,
    "PrelimarySurvey": "30.11.22",
    "SIRNofTransformer": "01.12.22",
    "FinalSurvey": "09.12.22",
    "SRNofDrainoutOil": "22.08.23",
    "StageInspection": "23.12.22",
    "OilStatement": "27.12.22",
    "SIRNofOil": "22.08.23",
    "TransfomerTesting": "07.02.23",
    "Materialdeliveredon": "09.02.23",
    "SRNofTransformer": "09.02.23",
    "Estimate": "09.02.23",
    "FormalOrderPlaced": "14.03.23",
    "OrderReferanceno": 4800024311,
    "OrderDate": "28.11.23",
    "Billsubmission": "17.1.24",
    "Payment": "24.04.24",
    "NetAmount": 409170.54,
    "SecurityDepositesubmitted": "Yes",
    "SecurityDepositeReceived": 0
  },
  {
    "ID": "1762121535052",
    "Location": "In House",
    "Category": "WBSEDCL",
    "LOINo": 3300065242,
    "LOIDate": "06.01.23",
    "Division": "Jhargram",
    "Tender": "P-14",
    "FileNo": 11,
    "WorkOrder": 5242,
    "PrelimarySurvey": "06.01.23",
    "SIRNofTransformer": "06.01.23",
    "FinalSurvey": "19.01.23",
    "SRNofDrainoutOil": "NA",
    "StageInspection": "07.02.23",
    "OilStatement": "10.02.23",
    "SIRNofOil": "17.02.23",
    "TransfomerTesting": "10.03.23",
    "Materialdeliveredon": "13.03.23",
    "SRNofTransformer": "13.03.23",
    "Estimate": "17.02.23",
    "FormalOrderPlaced": "17.02.23",
    "OrderReferanceno": 4800024300,
    "OrderDate": "24.11.23",
    "Billsubmission": "11.12.23",
    "Payment": "29.05.24",
    "NetAmount": 310201.74,
    "SecurityDepositesubmitted": "Yes",
    "SecurityDepositeReceived": 0
  },
  {
    "ID": "1762121535040",
    "Location": "In House",
    "Category": "WBSEDCL",
    "LOINo": 3300065495,
    "LOIDate": "20.02.23",
    "Division": "Kharagpur",
    "Tender": "P-14",
    "FileNo": 12,
    "WorkOrder": 65495,
    "PrelimarySurvey": "20.02.23",
    "SIRNofTransformer": "20.02.23",
    "FinalSurvey": "06.03.23",
    "SRNofDrainoutOil": "06.04.23",
    "StageInspection": "10.03.23",
    "OilStatement": "12.03.23",
    "SIRNofOil": "05.10.23",
    "TransfomerTesting": "29.03.23",
    "Materialdeliveredon": "06.04.23",
    "SRNofTransformer": "06.04.23",
    "Estimate": "09.05.23",
    "FormalOrderPlaced": "10.05.23",
    "OrderReferanceno": 4800024686,
    "OrderDate": "03.01.24",
    "Billsubmission": "22.1.24",
    "Payment": "03.10.24",
    "NetAmount": 61715.43,
    "SecurityDepositesubmitted": "Yes",
    "SecurityDepositeReceived": 0
  },
  {
    "ID": "1762121534464",
    "Location": "In House",
    "Category": "WBSEDCL",
    "LOINo": 3300065614,
    "LOIDate": "15.03.23",
    "Division": "Belda",
    "Tender": "P-14",
    "FileNo": 13,
    "WorkOrder": 65614,
    "PrelimarySurvey": "03.03.23",
    "SIRNofTransformer": "23.03.23",
    "FinalSurvey": "10.03.23",
    "SRNofDrainoutOil": "18.04.23",
    "StageInspection": "29.03.23",
    "OilStatement": "30.03.23",
    "SIRNofOil": "18.04.23",
    "TransfomerTesting": "17.04.23",
    "Materialdeliveredon": "18.04.23",
    "SRNofTransformer": "18.04.23",
    "Estimate": "20.04.23",
    "FormalOrderPlaced": "09.06.23",
    "OrderReferanceno": 4800024390,
    "OrderDate": "07.12.23",
    "Billsubmission": "11.01.24",
    "Payment": "30.08.24",
    "NetAmount": 314289.77,
    "SecurityDepositesubmitted": "Yes",
    "SecurityDepositeReceived": "Yes"
  },
  {
    "ID": "1762121534412",
    "Location": "In House",
    "Category": "WBSEDCL",
    "LOINo": 3300065648,
    "LOIDate": "20.03.23",
    "Division": "Mednipore",
    "Tender": "P-14",
    "FileNo": 14,
    "WorkOrder": 65648,
    "PrelimarySurvey": "22.03.23",
    "SIRNofTransformer": "22.03.23",
    "FinalSurvey": "29.03.23",
    "SRNofDrainoutOil": "14.10.22",
    "StageInspection": "17.04.23",
    "OilStatement": "18.04.23",
    "SIRNofOil": "23.05.23",
    "TransfomerTesting": "28.04.23",
    "Materialdeliveredon": "02.05.23",
    "SRNofTransformer": "02.05.23",
    "Estimate": "01.05.23",
    "FormalOrderPlaced": "02.05.23",
    "OrderReferanceno": 4800022995,
    "OrderDate": "13.07.23",
    "Billsubmission": "04.08.23",
    "Payment": "13.10.23",
    "NetAmount": 322927.65,
    "SecurityDepositesubmitted": "Yes",
    "SecurityDepositeReceived": 0
  },
  {
    "ID": "1762121534352",
    "Location": "In House",
    "Category": "WBSEDCL",
    "LOINo": 3300065825,
    "LOIDate": "11.04.23",
    "Division": "Ghatal",
    "Tender": "P-14",
    "FileNo": 15,
    "WorkOrder": 65825,
    "PrelimarySurvey": "31.03.23",
    "SIRNofTransformer": "11.04.23",
    "FinalSurvey": "13.04.23",
    "SRNofDrainoutOil": "21.09.23",
    "StageInspection": "28.04.23",
    "OilStatement": "30.04.23",
    "SIRNofOil": "21.09.23",
    "TransfomerTesting": "11.05.23",
    "Materialdeliveredon": "12.05.23",
    "SRNofTransformer": "12.05.23",
    "Estimate": "15.05.23",
    "FormalOrderPlaced": "16.06.23",
    "OrderReferanceno": 4800022975,
    "OrderDate": "11.07.2023",
    "Billsubmission": "21.09.23",
    "Payment": "03.09.24",
    "NetAmount": 339459.48,
    "SecurityDepositesubmitted": "Yes",
    "SecurityDepositeReceived": 0
  },
  {
    "ID": "1762121534314",
    "Location": "In House",
    "Category": "WBSEDCL",
    "LOINo": 3300065848,
    "LOIDate": "12.04.23",
    "Division": "Jhargram",
    "Tender": "P-14",
    "FileNo": 16,
    "WorkOrder": 65848,
    "PrelimarySurvey": "12.04.23",
    "SIRNofTransformer": "12.04.23",
    "FinalSurvey": "17.04.23",
    "SRNofDrainoutOil": "NA",
    "StageInspection": "11.05.23",
    "OilStatement": "15.05.23",
    "SIRNofOil": "05.06.23",
    "TransfomerTesting": "30.05.23",
    "Materialdeliveredon": "31.05.23",
    "SRNofTransformer": "02.06.23",
    "Estimate": "10.06.23",
    "FormalOrderPlaced": "07.08.23",
    "OrderReferanceno": 4800026287,
    "OrderDate": "20.03.24",
    "Billsubmission": "03.04.24",
    "Payment": "09.04.25",
    "NetAmount": 280330.59,
    "SecurityDepositesubmitted": "Yes",
    "SecurityDepositeReceived": 0
  },
  {
    "ID": "1762121534303",
    "Location": "In House",
    "Category": "WBSEDCL",
    "LOINo": 3300065957,
    "LOIDate": "20.04.23",
    "Division": "Tamluk",
    "Tender": "P-14",
    "FileNo": 17,
    "WorkOrder": 65957,
    "PrelimarySurvey": "20.04.23",
    "SIRNofTransformer": "06.06.23",
    "FinalSurvey": "28.04.23",
    "SRNofDrainoutOil": "05.07.23",
    "StageInspection": "30.05.23",
    "OilStatement": "01.06.23",
    "SIRNofOil": "15.09.23",
    "TransfomerTesting": "21.06.23",
    "Materialdeliveredon": "22.06.23",
    "SRNofTransformer": "22.06.23",
    "Estimate": "20.06.23",
    "FormalOrderPlaced": "22.06.23",
    "OrderReferanceno": 4800024631,
    "OrderDate": "29.12.23",
    "Billsubmission": "28.02.24",
    "Payment": "28.06.24",
    "NetAmount": 300980.33,
    "SecurityDepositesubmitted": "Yes",
    "SecurityDepositeReceived": 0
  },
  {
    "ID": "1762121533898",
    "Location": "In House",
    "Category": "WBSEDCL",
    "LOINo": 3300066533,
    "LOIDate": "12.06.23",
    "Division": "Belda",
    "Tender": "P-14",
    "FileNo": 18,
    "WorkOrder": 6533,
    "PrelimarySurvey": "09.06.23",
    "SIRNofTransformer": "15.06.23",
    "FinalSurvey": "21.06.23",
    "SRNofDrainoutOil": "10.07.23",
    "StageInspection": "27.06.23",
    "OilStatement": "30.06.23",
    "SIRNofOil": "10.07.23",
    "TransfomerTesting": "21.07.23",
    "Materialdeliveredon": "21.07.23",
    "SRNofTransformer": "21.07.23",
    "Estimate": "20.07.23",
    "FormalOrderPlaced": "21.07.23",
    "OrderReferanceno": 4800023737,
    "OrderDate": "19.09.23",
    "Billsubmission": "21.08.24",
    "Payment": "30.01.25",
    "NetAmount": 329879.45,
    "SecurityDepositesubmitted": "Yes",
    "SecurityDepositeReceived": 0
  },
  {
    "ID": "1762121533851",
    "Location": "In House",
    "Category": "WBSEDCL",
    "LOINo": 3300066590,
    "LOIDate": "14.06.23",
    "Division": "Jhargram",
    "Tender": "P-14",
    "FileNo": 19,
    "WorkOrder": 6590,
    "PrelimarySurvey": "12.06.23",
    "SIRNofTransformer": "12.04.23",
    "FinalSurvey": "21.06.23",
    "SRNofDrainoutOil": "NA",
    "StageInspection": "27.06.23",
    "OilStatement": "30.06.23",
    "SIRNofOil": "14.09.23",
    "TransfomerTesting": "06.07.23",
    "Materialdeliveredon": "07.07.23",
    "SRNofTransformer": "07.07.23",
    "Estimate": "05.08.23",
    "FormalOrderPlaced": "07.08.23",
    "OrderReferanceno": 4800024305,
    "OrderDate": "24.11.23",
    "Billsubmission": "11.12.23",
    "Payment": "28.02.24",
    "NetAmount": 352062.48,
    "SecurityDepositesubmitted": "Yes",
    "SecurityDepositeReceived": 0
  },
  {
    "ID": "1762121533806",
    "Location": "In House",
    "Category": "WBSEDCL",
    "LOINo": 3300067426,
    "LOIDate": "7.08.23",
    "Division": "Jhargram",
    "Tender": "P-14",
    "FileNo": 20,
    "WorkOrder": 67426,
    "PrelimarySurvey": "27.06.23",
    "SIRNofTransformer": "07.08.23",
    "FinalSurvey": "27.06.23",
    "SRNofDrainoutOil": "NA",
    "StageInspection": "21.07.23",
    "OilStatement": "28.07.23",
    "SIRNofOil": "14.09.23",
    "TransfomerTesting": "03.08.23",
    "Materialdeliveredon": "07.08.23",
    "SRNofTransformer": "07.08.23",
    "Estimate": "04.09.23",
    "FormalOrderPlaced": "05.09.23",
    "OrderReferanceno": 4800025170,
    "OrderDate": "01.02.24",
    "Billsubmission": "12.03.24",
    "Payment": "24.03.25",
    "NetAmount": 68121.45,
    "SecurityDepositesubmitted": "No",
    "SecurityDepositeReceived": 0
  },
  {
    "ID": "1762121533773",
    "Location": "In House",
    "Category": "WBSEDCL",
    "LOINo": 3300067099,
    "LOIDate": "23.06.23",
    "Division": "Egra",
    "Tender": "P-14",
    "FileNo": 21,
    "WorkOrder": 7099,
    "PrelimarySurvey": "23.06.23",
    "SIRNofTransformer": "25.07.23",
    "FinalSurvey": "27.06.23",
    "SRNofDrainoutOil": "25.07.23",
    "StageInspection": "21.07.23",
    "OilStatement": "03.10.23",
    "SIRNofOil": "04.10.23",
    "TransfomerTesting": "03.08.23",
    "Materialdeliveredon": "04.08.23",
    "SRNofTransformer": "25.07.23",
    "Estimate": "03.08.23",
    "FormalOrderPlaced": "04.08.23",
    "OrderReferanceno": 4800030001,
    "OrderDate": "22.11.24",
    "Billsubmission": "16.12.24",
    "Payment": "22.09.25",
    "NetAmount": 246704.96,
    "SecurityDepositesubmitted": "No",
    "SecurityDepositeReceived": "No"
  },
  {
    "ID": "1762121533731",
    "Location": "In House",
    "Category": "WBSEDCL",
    "LOINo": 3300066890,
    "LOIDate": "03.07.23",
    "Division": "Mednipore",
    "Tender": "P-14",
    "FileNo": 22,
    "WorkOrder": 66890,
    "PrelimarySurvey": "03.07.23",
    "SIRNofTransformer": "03.07.23",
    "FinalSurvey": "06.07.23",
    "SRNofDrainoutOil": "06.07.23",
    "StageInspection": "21.07.23",
    "OilStatement": "24.07.23",
    "SIRNofOil": "04.08.23",
    "TransfomerTesting": "03.08.23",
    "Materialdeliveredon": "05.08.23",
    "SRNofTransformer": "07.08.23",
    "Estimate": "10.08.23",
    "FormalOrderPlaced": "12.09.23",
    "OrderReferanceno": 4800025120,
    "OrderDate": "30.01.24",
    "Billsubmission": "27.02.24",
    "Payment": "24.06.24",
    "NetAmount": 309938.52,
    "SecurityDepositesubmitted": "Yes",
    "SecurityDepositeReceived": 0
  },
  {
    "ID": "1762121533717",
    "Location": "In House",
    "Category": "WBSEDCL",
    "LOINo": 3300066865,
    "LOIDate": "30.06.23",
    "Division": "Tamluk",
    "Tender": "P-14",
    "FileNo": 23,
    "WorkOrder": 6865,
    "PrelimarySurvey": "03.07.23",
    "SIRNofTransformer": "05.07.23",
    "FinalSurvey": "06.07.23",
    "SRNofDrainoutOil": "02.11.23",
    "StageInspection": "03.08.23",
    "OilStatement": "05.08.23",
    "SIRNofOil": "02.11.23",
    "TransfomerTesting": "16.08.23",
    "Materialdeliveredon": "17.08.23",
    "SRNofTransformer": "17.08.23",
    "Estimate": "15.08.23",
    "FormalOrderPlaced": "17.08.23",
    "OrderReferanceno": 4800026308,
    "OrderDate": "22.03.24",
    "Billsubmission": "02.05.24",
    "Payment": "02.08.24",
    "NetAmount": 349173.75,
    "SecurityDepositesubmitted": "Yes",
    "SecurityDepositeReceived": 0
  },
  {
    "ID": "1762121533153",
    "Location": "In House",
    "Category": "WBSEDCL",
    "LOINo": 3300067007,
    "LOIDate": "07.07.23",
    "Division": "Jhargram",
    "Tender": "P-14",
    "FileNo": 24,
    "WorkOrder": 7007,
    "PrelimarySurvey": "07.07.23",
    "SIRNofTransformer": "07.07.23",
    "FinalSurvey": "21.07.23",
    "SRNofDrainoutOil": "NA",
    "StageInspection": "16.08.23",
    "OilStatement": "20.08.23",
    "SIRNofOil": "29.12.23",
    "TransfomerTesting": "03.09.23",
    "Materialdeliveredon": "05.09.23",
    "SRNofTransformer": "05.09.23",
    "Estimate": "10.09.23",
    "FormalOrderPlaced": "14.09.23",
    "OrderReferanceno": 4800024308,
    "OrderDate": "24.11.23",
    "Billsubmission": "16.01.24",
    "Payment": "05.08.24",
    "NetAmount": 275958.57,
    "SecurityDepositesubmitted": "Yes",
    "SecurityDepositeReceived": 0
  },
  {
    "ID": "1762121533113",
    "Location": "In House",
    "Category": "WBSEDCL",
    "LOINo": 3300067415,
    "LOIDate": "04.08.23",
    "Division": "Belda",
    "Tender": "P-14",
    "FileNo": 25,
    "WorkOrder": 1071169,
    "PrelimarySurvey": "04.08.23",
    "SIRNofTransformer": "09.8.23",
    "FinalSurvey": "04.08.23",
    "SRNofDrainoutOil": "08.11.23",
    "StageInspection": "16.08.23",
    "OilStatement": "20.08.23",
    "SIRNofOil": "08.11.23",
    "TransfomerTesting": "04.09.23",
    "Materialdeliveredon": "08.09.23",
    "SRNofTransformer": "08.09.23",
    "Estimate": "07.09.23",
    "FormalOrderPlaced": "08.09.23",
    "OrderReferanceno": 4800026001,
    "OrderDate": "12.03.24",
    "Billsubmission": "27.03.24",
    "Payment": "03.10.24",
    "NetAmount": 435562.85,
    "SecurityDepositesubmitted": "Yes",
    "SecurityDepositeReceived": 0
  },
  {
    "ID": "1762121533073",
    "Location": "In House",
    "Category": "WBSEDCL",
    "LOINo": 3300067445,
    "LOIDate": "08.08.23",
    "Division": "Mednipore",
    "Tender": "P-14",
    "FileNo": 26,
    "WorkOrder": 1071240,
    "PrelimarySurvey": "08.08.23",
    "SIRNofTransformer": "08.08.23",
    "FinalSurvey": "16.08.23",
    "SRNofDrainoutOil": "14.09.23",
    "StageInspection": "04.09.23",
    "OilStatement": "10.09.23",
    "SIRNofOil": "22.02.24",
    "TransfomerTesting": "04.10.23",
    "Materialdeliveredon": "06.10.23",
    "SRNofTransformer": "06.10.23",
    "Estimate": "10.09.23",
    "FormalOrderPlaced": "12.09.23",
    "OrderReferanceno": 4800025122,
    "OrderDate": "30.01.24",
    "Billsubmission": "27.02.23",
    "Payment": "30.05.24",
    "NetAmount": 370154.25,
    "SecurityDepositesubmitted": "Yes",
    "SecurityDepositeReceived": 0
  },
  {
    "ID": "1762121533034",
    "Location": "In House",
    "Category": "WBSEDCL",
    "LOINo": 3300067907,
    "LOIDate": "12.09.23",
    "Division": "Belda",
    "Tender": "P-14",
    "FileNo": 27,
    "WorkOrder": 1071759,
    "PrelimarySurvey": "04.08.23",
    "SIRNofTransformer": "29.09.23",
    "FinalSurvey": "03.08.23",
    "SRNofDrainoutOil": "08.11.23",
    "StageInspection": "04.09.23",
    "OilStatement": "08.11.23",
    "SIRNofOil": "08.11.23",
    "TransfomerTesting": "12.10.23",
    "Materialdeliveredon": "13.10.23",
    "SRNofTransformer": "03.11.23",
    "Estimate": "20.11.23",
    "FormalOrderPlaced": "22.11.23",
    "OrderReferanceno": 4800025143,
    "OrderDate": "31.1.24",
    "Billsubmission": "19.02.24",
    "Payment": "03.08.24",
    "NetAmount": 479925.05,
    "SecurityDepositesubmitted": "Yes",
    "SecurityDepositeReceived": "Yes"
  },
  {
    "ID": "1762121533007",
    "Location": "In House",
    "Category": "WBSEDCL",
    "LOINo": 3300067655,
    "LOIDate": "22.08.23",
    "Division": "Ghatal",
    "Tender": "P-14",
    "FileNo": 28,
    "WorkOrder": 67655,
    "PrelimarySurvey": "23.08.23",
    "SIRNofTransformer": "12.09.23",
    "FinalSurvey": "04.09.23",
    "SRNofDrainoutOil": "19.02.24",
    "StageInspection": "04.10.23",
    "OilStatement": "05.10.23",
    "SIRNofOil": "19.02.24",
    "TransfomerTesting": "17.10.23",
    "Materialdeliveredon": "18.10.23",
    "SRNofTransformer": "18.10.23",
    "Estimate": "05.11.23",
    "FormalOrderPlaced": "07.11.23",
    "OrderReferanceno": 4800025596,
    "OrderDate": "21.02.24",
    "Billsubmission": "18.04.24",
    "Payment": "18.07.25",
    "NetAmount": 334186.75,
    "SecurityDepositesubmitted": "Yes",
    "SecurityDepositeReceived": 0
  },
  {
    "ID": "1762121532974",
    "Location": "In House",
    "Category": "WBSEDCL",
    "LOINo": 3300067821,
    "LOIDate": "05.09.23",
    "Division": "Jhargram",
    "Tender": "P-14",
    "FileNo": 29,
    "WorkOrder": 67821,
    "PrelimarySurvey": "05.09.23",
    "SIRNofTransformer": "05.09.23",
    "FinalSurvey": "11.09.23",
    "SRNofDrainoutOil": "NA",
    "StageInspection": "04.10.23",
    "OilStatement": "05.10.23",
    "SIRNofOil": "23.02.24",
    "TransfomerTesting": "17.10.23",
    "Materialdeliveredon": "18.10.24",
    "SRNofTransformer": "18.10.23",
    "Estimate": "20.11.23",
    "FormalOrderPlaced": "21.11.23",
    "OrderReferanceno": 4800024615,
    "OrderDate": "28.12.23",
    "Billsubmission": "12.03.24",
    "Payment": "07.02.25",
    "NetAmount": 214294.56,
    "SecurityDepositesubmitted": "Yes",
    "SecurityDepositeReceived": 0
  },
  {
    "ID": "1762121532964",
    "Location": "In House",
    "Category": "WBSEDCL",
    "LOINo": 3300068008,
    "LOIDate": "21.09.23",
    "Division": "Tamluk",
    "Tender": "P-14",
    "FileNo": 30,
    "WorkOrder": 1072027,
    "PrelimarySurvey": "27.09.23",
    "SIRNofTransformer": "27.09.23",
    "FinalSurvey": "04.10.23",
    "SRNofDrainoutOil": "22.01.23",
    "StageInspection": "17.10.23",
    "OilStatement": "20.10.23",
    "SIRNofOil": "12.02.24",
    "TransfomerTesting": "07.11.23",
    "Materialdeliveredon": "08.11.23",
    "SRNofTransformer": "08.11.23",
    "Estimate": "08.11.23",
    "FormalOrderPlaced": "08.11.23",
    "OrderReferanceno": 4800029031,
    "OrderDate": "06.09.24",
    "Billsubmission": "25.09.24",
    "Payment": "04.03.25",
    "NetAmount": 308246.15,
    "SecurityDepositesubmitted": "Yes",
    "SecurityDepositeReceived": 0
  },
  {
    "ID": "1762121532393",
    "Location": "In House",
    "Category": "WBSEDCL",
    "LOINo": 3300068415,
    "LOIDate": "31.10.23",
    "Division": "Kharagpur",
    "Tender": "P-14",
    "FileNo": 31,
    "WorkOrder": 1072535,
    "PrelimarySurvey": "31.10.23",
    "SIRNofTransformer": "31.10.23",
    "FinalSurvey": "01.11.23",
    "SRNofDrainoutOil": "31.10.23",
    "StageInspection": "07.11.23",
    "OilStatement": "10.11.23",
    "SIRNofOil": "02.02.24",
    "TransfomerTesting": "19.12.23",
    "Materialdeliveredon": "15.02.24",
    "SRNofTransformer": "15.02.24",
    "Estimate": "06.12.23",
    "FormalOrderPlaced": "07.12.23",
    "OrderReferanceno": 4800025369,
    "OrderDate": "09.02.23",
    "Billsubmission": "19.02.24",
    "Payment": "03.8.24",
    "NetAmount": 391749.2,
    "SecurityDepositesubmitted": "Yes",
    "SecurityDepositeReceived": 0
  },
  {
    "ID": "1762121532330",
    "Location": "In House",
    "Category": "WBSEDCL",
    "LOINo": 3300068727,
    "LOIDate": "15.12.23",
    "Division": "Belda",
    "Tender": "P-14",
    "FileNo": 32,
    "WorkOrder": 1073214,
    "PrelimarySurvey": "15.12.23",
    "SIRNofTransformer": "22.12.23",
    "FinalSurvey": "19.12.23",
    "SRNofDrainoutOil": "11.1.24",
    "StageInspection": "09.01.24",
    "OilStatement": "10.1.24",
    "SIRNofOil": "11.01.24",
    "TransfomerTesting": "31.1.24",
    "Materialdeliveredon": "24.05.24",
    "SRNofTransformer": "26.06.24",
    "Estimate": "14.01.24",
    "FormalOrderPlaced": "15.01.24",
    "OrderReferanceno": 4800027082,
    "OrderDate": "13.05.24",
    "Billsubmission": "24.05.24",
    "Payment": "29.11.24",
    "NetAmount": 323690.92,
    "SecurityDepositesubmitted": "Yes",
    "SecurityDepositeReceived": 0
  },
  {
    "ID": "1762121532293",
    "Location": "In House",
    "Category": "WBSEDCL",
    "LOINo": 3300068796,
    "LOIDate": "29.12.23",
    "Division": "Jhargram",
    "Tender": "P-14",
    "FileNo": 33,
    "WorkOrder": 1073446,
    "PrelimarySurvey": "29.12.23",
    "SIRNofTransformer": "29.12.23",
    "FinalSurvey": "09.01.24",
    "SRNofDrainoutOil": "NA",
    "StageInspection": "31.01.24",
    "OilStatement": "02.02.24",
    "SIRNofOil": "13.05.24",
    "TransfomerTesting": "28.03.24",
    "Materialdeliveredon": "13.05.24",
    "SRNofTransformer": "22.05.24",
    "Estimate": "31.01.24",
    "FormalOrderPlaced": "01.02.24",
    "OrderReferanceno": 4800027093,
    "OrderDate": "13.05.24",
    "Billsubmission": "22.05.24",
    "Payment": "13.12.24",
    "NetAmount": 388044.52,
    "SecurityDepositesubmitted": "Yes",
    "SecurityDepositeReceived": 0
  },
  {
    "ID": "1762121532257",
    "Location": "In House",
    "Category": "WBSEDCL",
    "LOINo": 3300069199,
    "LOIDate": "13.03.24",
    "Division": "Tamluk",
    "Tender": "P-14",
    "FileNo": 34,
    "WorkOrder": 1074126,
    "PrelimarySurvey": "15.03.24",
    "SIRNofTransformer": "02.04.24",
    "FinalSurvey": "28.03.24",
    "SRNofDrainoutOil": "02.05.24",
    "StageInspection": "09.04.24",
    "OilStatement": "10.04.24",
    "SIRNofOil": "09.05.24",
    "TransfomerTesting": "30.04.24",
    "Materialdeliveredon": "02.05.24",
    "SRNofTransformer": "02.05.24",
    "Estimate": "15.04.24",
    "FormalOrderPlaced": "16.04.24",
    "OrderReferanceno": 4800026836,
    "OrderDate": "26.04.24",
    "Billsubmission": "07.05.24",
    "Payment": "03.10.24",
    "NetAmount": 270288.48,
    "SecurityDepositesubmitted": "Yes",
    "SecurityDepositeReceived": 0
  },
  {
    "ID": "1762121532235",
    "Location": "In House",
    "Category": "WBSEDCL",
    "LOINo": 3300069185,
    "LOIDate": "12.03.24",
    "Division": "Mednipore",
    "Tender": "P-14",
    "FileNo": 35,
    "WorkOrder": 1074141,
    "PrelimarySurvey": "19.03.24",
    "SIRNofTransformer": "19.03.24",
    "FinalSurvey": "28.03.24",
    "SRNofDrainoutOil": "30.04.24",
    "StageInspection": "09.04.24",
    "OilStatement": "10.04.24",
    "SIRNofOil": "07.05.24",
    "TransfomerTesting": "30.04.24",
    "Materialdeliveredon": "31.05.24",
    "SRNofTransformer": "31.05.24",
    "Estimate": "15.04.24",
    "FormalOrderPlaced": "16.04.24",
    "OrderReferanceno": 4800027377,
    "OrderDate": "29.05.24",
    "Billsubmission": "31.05.24",
    "Payment": "20.02.25",
    "NetAmount": 295049.12,
    "SecurityDepositesubmitted": "Yes",
    "SecurityDepositeReceived": 0
  },
  {
    "ID": "1762121532207",
    "Location": "In House",
    "Category": "WBSEDCL",
    "LOINo": 3300069716,
    "LOIDate": "08.04.24",
    "Division": "Egra",
    "Tender": "P-14",
    "FileNo": 36,
    "WorkOrder": 1074943,
    "PrelimarySurvey": "08.04.24",
    "SIRNofTransformer": "09.05.24",
    "FinalSurvey": "09.04.24",
    "SRNofDrainoutOil": "18.07.24",
    "StageInspection": "30.04.24",
    "OilStatement": "27.06.24",
    "SIRNofOil": "27.06.24",
    "TransfomerTesting": "21.05.24",
    "Materialdeliveredon": "08.06.24",
    "SRNofTransformer": "10.06.24",
    "Estimate": "08.05.24",
    "FormalOrderPlaced": "09.05.24",
    "OrderReferanceno": 4800027506,
    "OrderDate": "07.06.24",
    "Billsubmission": "18.07.24",
    "Payment": 0,
    "NetAmount": 289549.96,
    "SecurityDepositesubmitted": "No",
    "SecurityDepositeReceived": 0
  },
  {
    "ID": "1762121532196",
    "Location": "In House",
    "Category": "WBSEDCL",
    "LOINo": 3300069667,
    "LOIDate": "02.05.24",
    "Division": "Mednipore",
    "Tender": "P-14",
    "FileNo": 37,
    "WorkOrder": 1074831,
    "PrelimarySurvey": "02.05.24",
    "SIRNofTransformer": "02.05.24",
    "FinalSurvey": "14.05.24",
    "SRNofDrainoutOil": "09.05.24",
    "StageInspection": "21.05.24",
    "OilStatement": "22.05.24",
    "SIRNofOil": "10.05.24",
    "TransfomerTesting": "14.06.24",
    "Materialdeliveredon": "04.07.24",
    "SRNofTransformer": "04.07.24",
    "Estimate": "25.05.24",
    "FormalOrderPlaced": "30.05.24",
    "OrderReferanceno": 4800027894,
    "OrderDate": "03.07.24",
    "Billsubmission": "05.07.24",
    "Payment": "05.10.24",
    "NetAmount": 376396.77,
    "SecurityDepositesubmitted": "Yes",
    "SecurityDepositeReceived": 0
  },
  {
    "ID": "1762121531634",
    "Location": "In House",
    "Category": "WBSEDCL",
    "LOINo": 3300069814,
    "LOIDate": "14.05.24",
    "Division": "Ghatal",
    "Tender": "P-14",
    "FileNo": 38,
    "WorkOrder": 1074991,
    "PrelimarySurvey": "14.05.24",
    "SIRNofTransformer": "28.05.24",
    "FinalSurvey": "21.05.24",
    "SRNofDrainoutOil": "01.07.24",
    "StageInspection": "07.06.24",
    "OilStatement": "28.06.24",
    "SIRNofOil": "01.07.24",
    "TransfomerTesting": "25.06.24",
    "Materialdeliveredon": "01.07.24",
    "SRNofTransformer": "01.07.24",
    "Estimate": "10.06.24",
    "FormalOrderPlaced": "12.06.24",
    "OrderReferanceno": 4800027759,
    "OrderDate": "28.06.24",
    "Billsubmission": "05.07.24",
    "Payment": 0,
    "NetAmount": 543734.18,
    "SecurityDepositesubmitted": "No",
    "SecurityDepositeReceived": "No"
  },
  {
    "ID": "1762121531596",
    "Location": "In House",
    "Category": "WBSEDCL",
    "LOINo": 3300069797,
    "LOIDate": "13.05.24",
    "Division": "Tamluk",
    "Tender": "P-14",
    "FileNo": 39,
    "WorkOrder": 1075063,
    "PrelimarySurvey": "15.05.24",
    "SIRNofTransformer": "15.05.24",
    "FinalSurvey": "21.05.24",
    "SRNofDrainoutOil": "12.07.24",
    "StageInspection": "14.06.24",
    "OilStatement": "15.06.24",
    "SIRNofOil": "12.07.24",
    "TransfomerTesting": "07.07.24",
    "Materialdeliveredon": "10.07.24",
    "SRNofTransformer": "10.07.24",
    "Estimate": "15.07.24",
    "FormalOrderPlaced": "19.06.24",
    "OrderReferanceno": 4800027935,
    "OrderDate": "05.07.24",
    "Billsubmission": "25.07.24",
    "Payment": "30.10.24",
    "NetAmount": 440263.01,
    "SecurityDepositesubmitted": "Yes",
    "SecurityDepositeReceived": 0
  },
  {
    "ID": "1762121531550",
    "Location": "In House",
    "Category": "WBSEDCL",
    "LOINo": 3300070066,
    "LOIDate": "04.06.24",
    "Division": "Belda",
    "Tender": "P-14",
    "FileNo": 40,
    "WorkOrder": 1075278,
    "PrelimarySurvey": "05.06.24",
    "SIRNofTransformer": "29.07.24",
    "FinalSurvey": "14.06.24",
    "SRNofDrainoutOil": "29.07.24",
    "StageInspection": "25.06.24",
    "OilStatement": "26.06.24",
    "SIRNofOil": "29.07.24",
    "TransfomerTesting": "09.07.24",
    "Materialdeliveredon": "11.07.24",
    "SRNofTransformer": "05.09.24",
    "Estimate": "27.06.24",
    "FormalOrderPlaced": "28.06.24",
    "OrderReferanceno": 4800028802,
    "OrderDate": "23.08.24",
    "Billsubmission": "13.09.24",
    "Payment": "18.07.25",
    "NetAmount": 425445.11,
    "SecurityDepositesubmitted": "No",
    "SecurityDepositeReceived": "No"
  },
  {
    "ID": "1762121531523",
    "Location": "In House",
    "Category": "WBSEDCL",
    "LOINo": 3300070350,
    "LOIDate": "21.06.24",
    "Division": "Kharagpur",
    "Tender": "P-14",
    "FileNo": 41,
    "WorkOrder": 1075605,
    "PrelimarySurvey": "25.06.24",
    "SIRNofTransformer": "28.06.24",
    "FinalSurvey": "25.06.24",
    "SRNofDrainoutOil": "31.07.24",
    "StageInspection": "09.07.24",
    "OilStatement": "01.08.24",
    "SIRNofOil": "02.08.24",
    "TransfomerTesting": "24.07.24",
    "Materialdeliveredon": "10.09.24",
    "SRNofTransformer": "27.12.24",
    "Estimate": "30.07.24",
    "FormalOrderPlaced": "31.07.24",
    "OrderReferanceno": 4800029794,
    "OrderDate": "12.11.24",
    "Billsubmission": "18.11.24",
    "Payment": "24.07.25",
    "NetAmount": 163459.2,
    "SecurityDepositesubmitted": "Yes",
    "SecurityDepositeReceived": 0
  },
  {
    "ID": "1762121531497",
    "Location": "In House",
    "Category": "WBSEDCL",
    "LOINo": 3300070725,
    "LOIDate": "11.07.24",
    "Division": "Belda",
    "Tender": "P-14",
    "FileNo": 42,
    "WorkOrder": 1076162,
    "PrelimarySurvey": "11.07.24",
    "SIRNofTransformer": "29.07.24",
    "FinalSurvey": "24.07.24",
    "SRNofDrainoutOil": "01.08.24",
    "StageInspection": "01.08.24",
    "OilStatement": "29.07.24",
    "SIRNofOil": "29.07.24",
    "TransfomerTesting": "14.08.24",
    "Materialdeliveredon": "21.08.24",
    "SRNofTransformer": "03.10.24",
    "Estimate": "04.08.24",
    "FormalOrderPlaced": "06.08.24",
    "OrderReferanceno": 4800029318,
    "OrderDate": "25.09.24",
    "Billsubmission": "04.10.24",
    "Payment": 0,
    "NetAmount": 504016.29,
    "SecurityDepositesubmitted": "No",
    "SecurityDepositeReceived": 0
  },
  {
    "ID": "1762121531469",
    "Location": "In House",
    "Category": "WBSEDCL",
    "LOINo": 3300070821,
    "LOIDate": "22.07.24",
    "Division": "Jhargram",
    "Tender": "P-14",
    "FileNo": 43,
    "WorkOrder": 1076118,
    "PrelimarySurvey": "16.07.24",
    "SIRNofTransformer": "01.08.24",
    "FinalSurvey": "24.07.24",
    "SRNofDrainoutOil": "NA",
    "StageInspection": "01.08.24",
    "OilStatement": "10.08.24",
    "SIRNofOil": "14.08.24",
    "TransfomerTesting": "14.08.24",
    "Materialdeliveredon": "14.08.24",
    "SRNofTransformer": "11.12.24",
    "Estimate": "13.08.24",
    "FormalOrderPlaced": "14.08.24",
    "OrderReferanceno": 4800030078,
    "OrderDate": "26.11.24",
    "Billsubmission": "24.1.25",
    "Payment": "26.06.25",
    "NetAmount": 436354.1,
    "SecurityDepositesubmitted": "No",
    "SecurityDepositeReceived": 0
  },
  {
    "ID": "1762121531444",
    "Location": "In House",
    "Category": "WBSEDCL",
    "LOINo": 3300070897,
    "LOIDate": "25.07.24",
    "Division": "Kharagpur",
    "Tender": "P-14",
    "FileNo": 44,
    "WorkOrder": 1076360,
    "PrelimarySurvey": "25.07.24",
    "SIRNofTransformer": "17.12.24",
    "FinalSurvey": "25.07.24",
    "SRNofDrainoutOil": "31.07.24",
    "StageInspection": "01.08.24",
    "OilStatement": "01.08.24",
    "SIRNofOil": "30.12.24",
    "TransfomerTesting": "14.08.24",
    "Materialdeliveredon": "11.09.24",
    "SRNofTransformer": "31.12.24",
    "Estimate": "10.09.24",
    "FormalOrderPlaced": "11.09.24",
    "OrderReferanceno": 4800030132,
    "OrderDate": "29.11.24",
    "Billsubmission": "31.12.24",
    "Payment": 0,
    "NetAmount": 177805.33,
    "SecurityDepositesubmitted": "No",
    "SecurityDepositeReceived": 0
  },
  {
    "ID": "1762121531432",
    "Location": "In House",
    "Category": "WBSEDCL",
    "LOINo": 3300068037,
    "LOIDate": "26.09.23",
    "Division": "Kharagpur",
    "Tender": "P-14",
    "FileNo": 45,
    "WorkOrder": 1072075,
    "PrelimarySurvey": "15.09.23",
    "SIRNofTransformer": "29.09.23",
    "FinalSurvey": "15.09.23",
    "SRNofDrainoutOil": "NA",
    "StageInspection": "21.09.23",
    "OilStatement": "NA",
    "SIRNofOil": "NA",
    "TransfomerTesting": "22.09.23",
    "Materialdeliveredon": "26.09.23",
    "SRNofTransformer": "29.09.23",
    "Estimate": "28.10.23",
    "FormalOrderPlaced": "31.10.23",
    "OrderReferanceno": 4800026398,
    "OrderDate": "27.03.24",
    "Billsubmission": "03.04.24",
    "Payment": "30.04.25",
    "NetAmount": 58912.92,
    "SecurityDepositesubmitted": "Yes",
    "SecurityDepositeReceived": 0
  },
  {
    "ID": "1762121530878",
    "Location": "In House",
    "Category": "WBSEDCL",
    "LOINo": 3300067482,
    "LOIDate": "02.08.23",
    "Division": "Kharagpur",
    "Tender": "P-14",
    "FileNo": 46,
    "WorkOrder": 1071294,
    "PrelimarySurvey": "10.08.23",
    "SIRNofTransformer": "17.08.23",
    "FinalSurvey": "NA",
    "SRNofDrainoutOil": "NA",
    "StageInspection": "NA",
    "OilStatement": "NA",
    "SIRNofOil": "07.05.24",
    "TransfomerTesting": "22.09.224",
    "Materialdeliveredon": "21.08.23",
    "SRNofTransformer": "21.08.23",
    "Estimate": "28.10.24",
    "FormalOrderPlaced": "31.10.23",
    "OrderReferanceno": 4800028209,
    "OrderDate": "19.07.24",
    "Billsubmission": "02.08.24",
    "Payment": "30.04.25",
    "NetAmount": 17102.15,
    "SecurityDepositesubmitted": "Yes",
    "SecurityDepositeReceived": 0
  },
  {
    "ID": "1762121530849",
    "Location": "In House",
    "Category": "WBSEDCL",
    "LOINo": 5100945224,
    "LOIDate": "19.07.24",
    "Division": "Kharagpur",
    "Tender": "P-14",
    "FileNo": 47,
    "WorkOrder": 10422334,
    "PrelimarySurvey": "10.05.24",
    "SIRNofTransformer": "18.05.24",
    "FinalSurvey": "NA",
    "SRNofDrainoutOil": "NA",
    "StageInspection": "NA",
    "OilStatement": "05.05.24",
    "SIRNofOil": "07.05.24",
    "TransfomerTesting": "30.04.24",
    "Materialdeliveredon": "21.05.24",
    "SRNofTransformer": "07.05.24",
    "Estimate": "10.05.24",
    "FormalOrderPlaced": "21.05.24",
    "OrderReferanceno": 51000945224,
    "OrderDate": "19.07.24",
    "Billsubmission": "02.08.24",
    "Payment": "30.04.25",
    "NetAmount": 46412.17,
    "SecurityDepositesubmitted": "Yes",
    "SecurityDepositeReceived": 0
  },
  {
    "ID": "1762121530815",
    "Location": "In House",
    "Category": "WBSEDCL",
    "LOINo": 3300071002,
    "LOIDate": "05.08.24",
    "Division": "Mednipore",
    "Tender": "P-14",
    "FileNo": 48,
    "WorkOrder": 1076469,
    "PrelimarySurvey": "08.08.24",
    "SIRNofTransformer": "08.08.24",
    "FinalSurvey": "14.08.24",
    "SRNofDrainoutOil": "25.09.24",
    "StageInspection": "29.08.24",
    "OilStatement": "30.08.24",
    "SIRNofOil": "11.09.24",
    "TransfomerTesting": "19.09.24",
    "Materialdeliveredon": "19.09.24",
    "SRNofTransformer": "07.10.24",
    "Estimate": "08.09.24",
    "FormalOrderPlaced": "09.09.24",
    "OrderReferanceno": 4800029506,
    "OrderDate": "04.10.24",
    "Billsubmission": "21.10.24",
    "Payment": "24.09.25",
    "NetAmount": 280788.45,
    "SecurityDepositesubmitted": "No",
    "SecurityDepositeReceived": "No"
  },
  {
    "ID": "1762121530788",
    "Location": "In House",
    "Category": "WBSEDCL",
    "LOINo": 3300071020,
    "LOIDate": "05.08.24",
    "Division": "Tamluk",
    "Tender": "P-14",
    "FileNo": 49,
    "WorkOrder": 1076407,
    "PrelimarySurvey": "07.08.24",
    "SIRNofTransformer": "07.08.24",
    "FinalSurvey": "14.08.24",
    "SRNofDrainoutOil": "25.09.24",
    "StageInspection": "29.08.24",
    "OilStatement": "20.11.24",
    "SIRNofOil": "22.11.24",
    "TransfomerTesting": "24.09.24",
    "Materialdeliveredon": "25.09.24",
    "SRNofTransformer": "28.1.25",
    "Estimate": "10.09.24",
    "FormalOrderPlaced": "11.09.24",
    "OrderReferanceno": 4800029775,
    "OrderDate": "11.11.24",
    "Billsubmission": "25.02.25",
    "Payment": "05.09.25",
    "NetAmount": 324188.86,
    "SecurityDepositesubmitted": "No",
    "SecurityDepositeReceived": "No"
  },
  {
    "ID": "1762121530764",
    "Location": "In House",
    "Category": "WBSEDCL",
    "LOINo": 3300071204,
    "LOIDate": "20.08.24",
    "Division": "Jhargram",
    "Tender": "P-14",
    "FileNo": 50,
    "WorkOrder": 1076633,
    "PrelimarySurvey": "17.08.24",
    "SIRNofTransformer": "20.08.24",
    "FinalSurvey": "20.08.24",
    "SRNofDrainoutOil": "NA",
    "StageInspection": "29.08.24",
    "OilStatement": "10.12.24",
    "SIRNofOil": "11.12.24",
    "TransfomerTesting": "12.09.24",
    "Materialdeliveredon": "13.09.24",
    "SRNofTransformer": "21.05.25",
    "Estimate": "12.09.24",
    "FormalOrderPlaced": "13.09.24",
    "OrderReferanceno": 4800031237,
    "OrderDate": "17.03.25",
    "Billsubmission": "23.05.25",
    "Payment": 0,
    "NetAmount": 408841.16,
    "SecurityDepositesubmitted": "No",
    "SecurityDepositeReceived": 0
  },
  {
    "ID": "1762121530731",
    "Location": "In House",
    "Category": "WBSEDCL",
    "LOINo": 3300071776,
    "LOIDate": "24.09.24",
    "Division": "Kharagpur",
    "Tender": "P-59",
    "FileNo": 1,
    "WorkOrder": 1077398,
    "PrelimarySurvey": "24.09.24",
    "SIRNofTransformer": "12.11.24",
    "FinalSurvey": "24.09.24",
    "SRNofDrainoutOil": "12.11.24",
    "StageInspection": "08.10.24",
    "OilStatement": "10.10.24",
    "SIRNofOil": "30.01.25",
    "TransfomerTesting": "05.11.24",
    "Materialdeliveredon": "11.11.24",
    "SRNofTransformer": "18.03.24",
    "Estimate": "05.11.24",
    "FormalOrderPlaced": "10.11.24",
    "OrderReferanceno": 4800030977,
    "OrderDate": "24.02.25",
    "Billsubmission": "12.03.25",
    "Payment": 0,
    "NetAmount": 94244.16,
    "SecurityDepositesubmitted": "No",
    "SecurityDepositeReceived": 0
  },
  {
    "ID": "1762121530718",
    "Location": "In House",
    "Category": "WBSEDCL",
    "LOINo": 3300071919,
    "LOIDate": "03.10.24",
    "Division": "Belda",
    "Tender": "P-59",
    "FileNo": 2,
    "WorkOrder": 1077587,
    "PrelimarySurvey": "04.10.24",
    "SIRNofTransformer": "26.11.24",
    "FinalSurvey": "08.10.24",
    "SRNofDrainoutOil": "18.12.24",
    "StageInspection": "05.11.24",
    "OilStatement": "10.11.24",
    "SIRNofOil": "08.04.25",
    "TransfomerTesting": "20.11.24",
    "Materialdeliveredon": "21.11.24",
    "SRNofTransformer": "04.04.25",
    "Estimate": "11.11.24",
    "FormalOrderPlaced": "14.11.24",
    "OrderReferanceno": 4800031345,
    "OrderDate": "24.03.25",
    "Billsubmission": "08.04.25",
    "Payment": 0,
    "NetAmount": 320513.72,
    "SecurityDepositesubmitted": "No",
    "SecurityDepositeReceived": 0
  },
  {
    "ID": "1762121530708",
    "Location": "In House",
    "Category": "WBSEDCL",
    "LOINo": 3300071952,
    "LOIDate": "04.10.24",
    "Division": "Jhargram",
    "Tender": "P-59",
    "FileNo": 3,
    "WorkOrder": 1077566,
    "PrelimarySurvey": "04.10.24",
    "SIRNofTransformer": "29.10.24",
    "FinalSurvey": "08.10.24",
    "SRNofDrainoutOil": "NA",
    "StageInspection": "24.10.24",
    "OilStatement": "10.12.24",
    "SIRNofOil": "11.12.24",
    "TransfomerTesting": "05.11.24",
    "Materialdeliveredon": "06.11.24",
    "SRNofTransformer": "17.07.25",
    "Estimate": "02.11.24",
    "FormalOrderPlaced": "06.11.24",
    "OrderReferanceno": 4800032366,
    "OrderDate": "23.06.25",
    "Billsubmission": "05.08.25",
    "Payment": 0,
    "NetAmount": 308840.23,
    "SecurityDepositesubmitted": "No",
    "SecurityDepositeReceived": 0
  },
  {
    "ID": "1762121530157",
    "Location": "In House",
    "Category": "WBSEDCL",
    "LOINo": 3300072117,
    "LOIDate": "23.10.24",
    "Division": "Egra",
    "Tender": "P-59",
    "FileNo": 4,
    "WorkOrder": 1077834,
    "PrelimarySurvey": "23.10.24",
    "SIRNofTransformer": "03.12.24",
    "FinalSurvey": "24.10.24",
    "SRNofDrainoutOil": "05.12.24",
    "StageInspection": "05.11.24",
    "OilStatement": "18.06.25",
    "SIRNofOil": "20.06.25",
    "TransfomerTesting": "13.12.24",
    "Materialdeliveredon": "16.12.24",
    "SRNofTransformer": "30.04.25",
    "Estimate": "04.12.24",
    "FormalOrderPlaced": "05.12.24",
    "OrderReferanceno": 4800031052,
    "OrderDate": "07.04.25",
    "Billsubmission": "10.06.25",
    "Payment": 0,
    "NetAmount": 346817.16,
    "SecurityDepositesubmitted": "No",
    "SecurityDepositeReceived": 0
  },
  {
    "ID": "1762121530133",
    "Location": "In House",
    "Category": "WBSEDCL",
    "LOINo": 3300072266,
    "LOIDate": "12.11.24",
    "Division": "Kharagpur",
    "Tender": "P-59",
    "FileNo": 5,
    "WorkOrder": 1078013,
    "PrelimarySurvey": "12.11.25",
    "SIRNofTransformer": "08.09.25",
    "FinalSurvey": "NA",
    "SRNofDrainoutOil": "NA",
    "StageInspection": "NA",
    "OilStatement": "28.01.25",
    "SIRNofOil": "30.01.25",
    "TransfomerTesting": "05.11.24",
    "Materialdeliveredon": "11.11.24",
    "SRNofTransformer": 0,
    "Estimate": "17.03.25",
    "FormalOrderPlaced": "18.03.25",
    "OrderReferanceno": 4800032448,
    "OrderDate": "19.06.25",
    "Billsubmission": "25.08.25",
    "Payment": 0,
    "NetAmount": 27595.22,
    "SecurityDepositesubmitted": "No",
    "SecurityDepositeReceived": 0
  },
  {
    "ID": "1762121530109",
    "Location": "In House",
    "Category": "WBSEDCL",
    "LOINo": 3300072181,
    "LOIDate": "05.11.24",
    "Division": "Mednipore",
    "Tender": "P-59",
    "FileNo": 6,
    "WorkOrder": 1077928,
    "PrelimarySurvey": "06.11.24",
    "SIRNofTransformer": "06.11.24",
    "FinalSurvey": "20.11.24",
    "SRNofDrainoutOil": "05.12.24",
    "StageInspection": "13.12.24",
    "OilStatement": "20.12.24",
    "SIRNofOil": "27.12.24",
    "TransfomerTesting": "02.01.25",
    "Materialdeliveredon": "03.01.24",
    "SRNofTransformer": "03.04.25",
    "Estimate": "16.12.24",
    "FormalOrderPlaced": "17.12.24",
    "OrderReferanceno": 4800030901,
    "OrderDate": "17.02.25",
    "Billsubmission": "03.04.25",
    "Payment": 0,
    "NetAmount": 305628.79,
    "SecurityDepositesubmitted": "No",
    "SecurityDepositeReceived": 0
  },
  {
    "ID": "1762121530085",
    "Location": "In House",
    "Category": "WBSEDCL",
    "LOINo": "NA",
    "LOIDate": "20.12.24",
    "Division": "Kharagpur",
    "Tender": "P-59",
    "FileNo": 7,
    "WorkOrder": 10451033,
    "PrelimarySurvey": "16.12.24",
    "SIRNofTransformer": "24.07.25",
    "FinalSurvey": "NA",
    "SRNofDrainoutOil": "NA",
    "StageInspection": "NA",
    "OilStatement": "28.01.25",
    "SIRNofOil": "20.08.25",
    "TransfomerTesting": "27.01.25",
    "Materialdeliveredon": "30.01.25",
    "SRNofTransformer": 0,
    "Estimate": "20.04.25",
    "FormalOrderPlaced": "24.04.25",
    "OrderReferanceno": 0,
    "OrderDate": 0,
    "Billsubmission": 0,
    "Payment": 0,
    "NetAmount": 258944.1,
    "SecurityDepositesubmitted": "No",
    "SecurityDepositeReceived": 0
  },
  {
    "ID": "1762121530063",
    "Location": "In House",
    "Category": "WBSEDCL",
    "LOINo": 3300072780,
    "LOIDate": "17.01.25",
    "Division": "Jhargram",
    "Tender": "P-59",
    "FileNo": 8,
    "WorkOrder": 1078821,
    "PrelimarySurvey": "17.01.25",
    "SIRNofTransformer": "24.1.25",
    "FinalSurvey": "27.1.25",
    "SRNofDrainoutOil": "NA",
    "StageInspection": "17.02.25",
    "OilStatement": "17.02.25",
    "SIRNofOil": "17.01.25",
    "TransfomerTesting": "12.03.25",
    "Materialdeliveredon": "13.03.25",
    "SRNofTransformer": 0,
    "Estimate": "10.03.25",
    "FormalOrderPlaced": "13.03.25",
    "OrderReferanceno": 0,
    "OrderDate": 0,
    "Billsubmission": 0,
    "Payment": 0,
    "NetAmount": 304389.8,
    "SecurityDepositesubmitted": "No",
    "SecurityDepositeReceived": 0
  },
  {
    "ID": "1762121530039",
    "Location": "In House",
    "Category": "WBSEDCL",
    "LOINo": 3300072570,
    "LOIDate": "20.12.24",
    "Division": "Ghatal",
    "Tender": "P-59",
    "FileNo": 9,
    "WorkOrder": 1078450,
    "PrelimarySurvey": "20.12.24",
    "SIRNofTransformer": "01.05.25",
    "FinalSurvey": "02.01.25",
    "SRNofDrainoutOil": "24.06.25",
    "StageInspection": "13.01.25",
    "OilStatement": "05.05.25",
    "SIRNofOil": "06.05.25",
    "TransfomerTesting": "27.1.25",
    "Materialdeliveredon": "29.01.25",
    "SRNofTransformer": "13.05.25",
    "Estimate": "13.1.25",
    "FormalOrderPlaced": "14.1.25",
    "OrderReferanceno": 4800031410,
    "OrderDate": "26.03.25",
    "Billsubmission": "14.05.25",
    "Payment": 0,
    "NetAmount": 323364.47,
    "SecurityDepositesubmitted": "No",
    "SecurityDepositeReceived": "No"
  },
  {
    "ID": "1762121530021",
    "Location": "In House",
    "Category": "WBSEDCL",
    "LOINo": "NA",
    "LOIDate": "17.02.25",
    "Division": "Kharagpur",
    "Tender": "P-59",
    "FileNo": 10,
    "WorkOrder": 10456387,
    "PrelimarySurvey": "02.01.25",
    "SIRNofTransformer": "29.04.25",
    "FinalSurvey": "NA",
    "SRNofDrainoutOil": "NA",
    "StageInspection": "NA",
    "OilStatement": "28.01.25",
    "SIRNofOil": "20.08.25",
    "TransfomerTesting": "21.03.25",
    "Materialdeliveredon": "07.04.25",
    "SRNofTransformer": 0,
    "Estimate": "10.07.25",
    "FormalOrderPlaced": "11.07.25",
    "OrderReferanceno": 4800033425,
    "OrderDate": 0,
    "Billsubmission": "28.08.25",
    "Payment": 0,
    "NetAmount": 123456,
    "SecurityDepositesubmitted": "No",
    "SecurityDepositeReceived": 0
  },
  {
    "ID": "1762121530004",
    "Location": "In House",
    "Category": "WBSEDCL",
    "LOINo": 3300073215,
    "LOIDate": "11.03.25",
    "Division": "Belda",
    "Tender": "P-59",
    "FileNo": 11,
    "WorkOrder": 1079357,
    "PrelimarySurvey": "11.03.25",
    "SIRNofTransformer": "08.04.25",
    "FinalSurvey": "12.03.25",
    "SRNofDrainoutOil": "10.06.25",
    "StageInspection": "21.03.25",
    "OilStatement": "22.03.25",
    "SIRNofOil": "20.06.25",
    "TransfomerTesting": "04.04.25",
    "Materialdeliveredon": "08.04.25",
    "SRNofTransformer": 0,
    "Estimate": "07.04.25",
    "FormalOrderPlaced": "08.04.25",
    "OrderReferanceno": 0,
    "OrderDate": 0,
    "Billsubmission": 0,
    "Payment": 0,
    "NetAmount": 281160,
    "SecurityDepositesubmitted": "No",
    "SecurityDepositeReceived": 0
  },
  {
    "ID": "1762121529987",
    "Location": "In House",
    "Category": "WBSEDCL",
    "LOINo": 3300073297,
    "LOIDate": "20.03.25",
    "Division": "Tamluk",
    "Tender": "P-59",
    "FileNo": 12,
    "WorkOrder": 1079449,
    "PrelimarySurvey": "24.03.25",
    "SIRNofTransformer": "04.04.25",
    "FinalSurvey": "04.04.25",
    "SRNofDrainoutOil": "10.06.25",
    "StageInspection": "11.04.25",
    "OilStatement": "06.06.25",
    "SIRNofOil": "10.06.25",
    "TransfomerTesting": "05.05.25",
    "Materialdeliveredon": "07.05.25",
    "SRNofTransformer": "16.06.25",
    "Estimate": "06.05.25",
    "FormalOrderPlaced": "07.05.25",
    "OrderReferanceno": 4800032173,
    "OrderDate": "04.06.25",
    "Billsubmission": "25.06.25",
    "Payment": 0,
    "NetAmount": 356963.15,
    "SecurityDepositesubmitted": "No",
    "SecurityDepositeReceived": 0
  },
  {
    "ID": "1762121529974",
    "Location": "In House",
    "Category": "WBSEDCL",
    "LOINo": 3300073382,
    "LOIDate": "04.04.25",
    "Division": "Jhargram",
    "Tender": "P-59",
    "FileNo": 13,
    "WorkOrder": 1079498,
    "PrelimarySurvey": "04.04.25",
    "SIRNofTransformer": "21.04.25",
    "FinalSurvey": "11.04.25",
    "SRNofDrainoutOil": "NA",
    "StageInspection": "05.05.25",
    "OilStatement": "20.05.25",
    "SIRNofOil": "26.05.25",
    "TransfomerTesting": "15.05.25",
    "Materialdeliveredon": "16.05.25",
    "SRNofTransformer": "27.08.25",
    "Estimate": "15.05.25",
    "FormalOrderPlaced": "16.05.25",
    "OrderReferanceno": 0,
    "OrderDate": 0,
    "Billsubmission": 0,
    "Payment": 0,
    "NetAmount": 281157.32,
    "SecurityDepositesubmitted": "No",
    "SecurityDepositeReceived": 0
  },
  {
    "ID": "1762121529962",
    "Location": "In House",
    "Category": "WBSEDCL",
    "LOINo": "NA",
    "LOIDate": "09.04.25",
    "Division": "Kharagpur",
    "Tender": "P-59",
    "FileNo": 14,
    "WorkOrder": 10463735,
    "PrelimarySurvey": "11.04.25",
    "SIRNofTransformer": "MERGERED WITH FILE 20"
  },
  {
    "ID": "1762121529409",
    "Location": "In House",
    "Category": "WBSEDCL",
    "LOINo": 3300073970,
    "LOIDate": "30.04.25",
    "Division": "Egra",
    "Tender": "P-59",
    "FileNo": 15,
    "WorkOrder": 1080350,
    "PrelimarySurvey": "30.04.25",
    "SIRNofTransformer": "31.07.25",
    "FinalSurvey": "05.05.25",
    "SRNofDrainoutOil": "22.09.25",
    "StageInspection": "15.05.25",
    "OilStatement": "20.05.25",
    "SIRNofOil": "22.09.25",
    "TransfomerTesting": "05.06.25",
    "Materialdeliveredon": "10.06.25",
    "SRNofTransformer": 0,
    "Estimate": "02.06.25",
    "FormalOrderPlaced": "19.06.25",
    "OrderReferanceno": 0,
    "OrderDate": 0,
    "Billsubmission": 0,
    "Payment": 0,
    "NetAmount": 259045.9,
    "SecurityDepositesubmitted": "No",
    "SecurityDepositeReceived": "No"
  },
  {
    "ID": "1762121529389",
    "Location": "In House",
    "Category": "WBSEDCL",
    "LOINo": 3300073822,
    "LOIDate": "14.05.25",
    "Division": "Ghatal",
    "Tender": "P-59",
    "FileNo": 16,
    "WorkOrder": 1080115,
    "PrelimarySurvey": "14.05.26",
    "SIRNofTransformer": "19.09.25",
    "FinalSurvey": "15.05.25",
    "SRNofDrainoutOil": "24.06.25",
    "StageInspection": "05.06.25",
    "OilStatement": "18.06.25",
    "SIRNofOil": "19.06.25",
    "TransfomerTesting": "17.06.25",
    "Materialdeliveredon": "18.06.25",
    "SRNofTransformer": 0,
    "Estimate": "17.06.25",
    "FormalOrderPlaced": "18.06.25",
    "OrderReferanceno": 0,
    "OrderDate": 0,
    "Billsubmission": 0,
    "Payment": 0,
    "NetAmount": 260536.55,
    "SecurityDepositesubmitted": "No",
    "SecurityDepositeReceived": "No"
  },
  {
    "ID": "1762121529373",
    "Location": "In House",
    "Category": "WBSEDCL",
    "LOINo": 3300073875,
    "LOIDate": "19.05.25",
    "Division": "Jhargram",
    "Tender": "P-59",
    "FileNo": 17,
    "WorkOrder": 1080212,
    "PrelimarySurvey": "16.05.25",
    "SIRNofTransformer": "20.05.25",
    "FinalSurvey": "19.05.25",
    "SRNofDrainoutOil": "NA",
    "StageInspection": "05.06.25",
    "OilStatement": "17.06.25",
    "SIRNofOil": "18.06.25",
    "TransfomerTesting": "17.06.25",
    "Materialdeliveredon": "19.06.25",
    "SRNofTransformer": "27.08.25",
    "Estimate": "17.06.25",
    "FormalOrderPlaced": "18.06.25",
    "OrderReferanceno": 4800033522,
    "OrderDate": "28.08.25",
    "Billsubmission": "27.08.25",
    "Payment": 0,
    "NetAmount": 275432.07,
    "SecurityDepositesubmitted": "No",
    "SecurityDepositeReceived": 0
  },
  {
    "ID": "1762121529359",
    "Location": "In House",
    "Category": "WBSEDCL",
    "LOINo": 3300073836,
    "LOIDate": "15.05.25",
    "Division": "Mednipore",
    "Tender": "P-59",
    "FileNo": 18,
    "WorkOrder": 1080119,
    "PrelimarySurvey": "16.05.25",
    "SIRNofTransformer": "16.05.25",
    "FinalSurvey": "05.06.25",
    "SRNofDrainoutOil": "03.07.25",
    "StageInspection": "17.06.25",
    "OilStatement": "20.06.25",
    "SIRNofOil": "16.07.25",
    "TransfomerTesting": "14.07.25",
    "Materialdeliveredon": "16.07.25",
    "SRNofTransformer": "25.08.25",
    "Estimate": "18.06.25",
    "FormalOrderPlaced": "03.07.25",
    "OrderReferanceno": 4800033484,
    "OrderDate": "21.08.24",
    "Billsubmission": "26.08.25",
    "Payment": 0,
    "NetAmount": 468562,
    "SecurityDepositesubmitted": "No",
    "SecurityDepositeReceived": 0
  },
  {
    "ID": "1762121529339",
    "Location": "In House",
    "Category": "WBSEDCL",
    "LOINo": 3300074020,
    "LOIDate": "23.05.25",
    "Division": "Jhargram",
    "Tender": "P-59",
    "FileNo": 19,
    "WorkOrder": 1080425,
    "PrelimarySurvey": "23.05.25",
    "SIRNofTransformer": "26.05.25",
    "FinalSurvey": "05.06.25",
    "SRNofDrainoutOil": "NA",
    "StageInspection": "17.06.25",
    "OilStatement": "25.06.25",
    "SIRNofOil": "26.05.25",
    "TransfomerTesting": "14.07.25",
    "Materialdeliveredon": "16.07.25",
    "SRNofTransformer": 0,
    "Estimate": "15.07.25",
    "FormalOrderPlaced": "16.07.25",
    "OrderReferanceno": 0,
    "OrderDate": 0,
    "Billsubmission": 0,
    "Payment": 0,
    "NetAmount": 74542.41,
    "SecurityDepositesubmitted": "No",
    "SecurityDepositeReceived": 0
  },
  {
    "ID": "1762121529315",
    "Location": "In House",
    "Category": "WBSEDCL",
    "LOINo": "TIT BIT 9",
    "LOIDate": "09.04.25",
    "Division": "Kharagpur",
    "Tender": "P-59",
    "FileNo": 20,
    "WorkOrder": 10463735,
    "PrelimarySurvey": "11.04.25",
    "SIRNofTransformer": 0,
    "FinalSurvey": "11.04.25",
    "SRNofDrainoutOil": "NA",
    "StageInspection": "05.05.25",
    "OilStatement": 0,
    "SIRNofOil": "20.08.25",
    "TransfomerTesting": "18.08.25",
    "Materialdeliveredon": "20.08.25",
    "SRNofTransformer": 0,
    "Estimate": "20.08.25",
    "FormalOrderPlaced": "26.08.25",
    "OrderReferanceno": 0,
    "OrderDate": 0,
    "Billsubmission": 0,
    "Payment": 0,
    "NetAmount": 137865.72,
    "SecurityDepositesubmitted": "No",
    "SecurityDepositeReceived": 0
  },
  {
    "ID": "1762121529296",
    "Location": "In House",
    "Category": "WBSEDCL",
    "LOINo": 3300074524,
    "LOIDate": "26.06.25",
    "Division": "Belda",
    "Tender": "P-59",
    "FileNo": 21,
    "WorkOrder": 1081166,
    "PrelimarySurvey": "26.06.25",
    "SIRNofTransformer": "06.08.25",
    "FinalSurvey": "02.07.25",
    "SRNofDrainoutOil": "22.09.25",
    "StageInspection": "14.07.25",
    "OilStatement": "15.07.25",
    "SIRNofOil": "22.09.25",
    "TransfomerTesting": "05.08.25",
    "Materialdeliveredon": "06.08.25",
    "SRNofTransformer": 0,
    "Estimate": "05.08.25",
    "FormalOrderPlaced": "06.08.25",
    "OrderReferanceno": 0,
    "OrderDate": 0,
    "Billsubmission": 0,
    "Payment": 0,
    "NetAmount": 238785.11,
    "SecurityDepositesubmitted": "No",
    "SecurityDepositeReceived": 0
  },
  {
    "ID": "1762121529277",
    "Location": "In House",
    "Category": "WBSEDCL",
    "LOINo": 3300074667,
    "LOIDate": "07.07.25",
    "Division": "Jhargram",
    "Tender": "P-59",
    "FileNo": 22,
    "WorkOrder": 1081343,
    "PrelimarySurvey": "02.07.25",
    "SIRNofTransformer": "08.07.25",
    "FinalSurvey": "14.07.25",
    "SRNofDrainoutOil": "NA",
    "StageInspection": "23.07.25",
    "OilStatement": "05.07.25",
    "SIRNofOil": "07.07.25",
    "TransfomerTesting": "05.08.25",
    "Materialdeliveredon": "05.08.25",
    "Estimate": "05.08.25",
    "FormalOrderPlaced": "05.08.25",
    "NetAmount": 277967.65,
    "SecurityDepositesubmitted": "No"
  },
  {
    "ID": "1762121529264",
    "Location": "In House",
    "Category": "WBSEDCL",
    "LOINo": 3300074299,
    "LOIDate": "23.07.25",
    "Division": "Tamluk",
    "Tender": "P-59",
    "FileNo": 23,
    "WorkOrder": 1081577,
    "PrelimarySurvey": "28.07.25",
    "SIRNofTransformer": "28.07.25",
    "FinalSurvey": "01.08.25",
    "SRNofDrainoutOil": "19.09.25",
    "StageInspection": "13.08.25",
    "OilStatement": "20.08.25",
    "SIRNofOil": "19.09.25",
    "TransfomerTesting": "01.09.25",
    "Materialdeliveredon": "04.09.25",
    "SRNofTransformer": 0,
    "Estimate": "19.08.25",
    "FormalOrderPlaced": "04.09.25",
    "OrderReferanceno": 0,
    "OrderDate": 0,
    "Billsubmission": 0,
    "Payment": 0,
    "NetAmount": 320970.88,
    "SecurityDepositesubmitted": "No",
    "SecurityDepositeReceived": 0
  },
  {
    "ID": "1762121529254",
    "Location": "In House",
    "Category": "WBSEDCL",
    "LOINo": 3300075425,
    "LOIDate": "22.08.25",
    "Division": "Jhargram",
    "Tender": "P-59",
    "FileNo": 24,
    "WorkOrder": 1082264,
    "PrelimarySurvey": "05.08.25",
    "SIRNofTransformer": "19.09.25",
    "FinalSurvey": "18.08.25",
    "SRNofDrainoutOil": "NA",
    "StageInspection": "01.09.25",
    "OilStatement": 0,
    "SIRNofOil": 0,
    "TransfomerTesting": 0,
    "Materialdeliveredon": 0,
    "SRNofTransformer": 0,
    "Estimate": 0,
    "FormalOrderPlaced": "05.09.25",
    "OrderReferanceno": 0,
    "OrderDate": 0,
    "Billsubmission": 0,
    "Payment": 0,
    "NetAmount": 291117.89,
    "SecurityDepositesubmitted": "No",
    "SecurityDepositeReceived": 0
  },
  {
    "ID": "1762121529239",
    "Location": "In House",
    "Category": "WBSEDCL",
    "LOINo": 3300075519,
    "LOIDate": "28.08.25",
    "Division": "Mednipore",
    "Tender": "P-59",
    "FileNo": 25,
    "WorkOrder": 1082344,
    "PrelimarySurvey": "01.09.25",
    "SIRNofTransformer": "01.09.25",
    "FinalSurvey": 0,
    "SRNofDrainoutOil": 0,
    "StageInspection": 0,
    "OilStatement": 0,
    "SIRNofOil": 0,
    "TransfomerTesting": 0,
    "Materialdeliveredon": 0,
    "SRNofTransformer": 0,
    "Estimate": 0,
    "FormalOrderPlaced": 0,
    "OrderReferanceno": 0,
    "OrderDate": 0,
    "Billsubmission": 0,
    "Payment": 0,
    "NetAmount": 0,
    "SecurityDepositesubmitted": 0,
    "SecurityDepositeReceived": 0
  },
  {
    "ID": "1762121529227",
    "Location": "In House",
    "Category": "WBSEDCL",
    "LOINo": "TIT BIT 10",
    "Division": "Kharagpur",
    "Tender": "P-59",
    "FileNo": 26,
    "WorkOrder": 123,
    "PrelimarySurvey": "23.09.25",
    "SIRNofTransformer": 0,
    "FinalSurvey": 0,
    "SRNofDrainoutOil": 0,
    "StageInspection": 0,
    "OilStatement": 0,
    "SIRNofOil": 0,
    "TransfomerTesting": 0,
    "Materialdeliveredon": 0,
    "SRNofTransformer": 0,
    "Estimate": 0,
    "FormalOrderPlaced": 0,
    "OrderReferanceno": 0,
    "OrderDate": 0,
    "Billsubmission": 0,
    "Payment": 0,
    "NetAmount": 0,
    "SecurityDepositesubmitted": 0,
    "SecurityDepositeReceived": 0
  },
  {
    "ID": "1762121529216",
    "Location": "In House",
    "Category": "WBSEDCL",
    "LOINo": 3300074299,
    "LOIDate": "23.07.25",
    "Division": "Tamluk",
    "Tender": "P-59",
    "FileNo": 27,
    "WorkOrder": 1081577,
    "PrelimarySurvey": "28.07.25",
    "SIRNofTransformer": "28.07.25",
    "FinalSurvey": "01.08.25",
    "SRNofDrainoutOil": "19.09.25",
    "StageInspection": "13.08.25",
    "OilStatement": "20.08.25",
    "SIRNofOil": "19.09.25",
    "TransfomerTesting": "01.09.25",
    "Materialdeliveredon": "04.09.25",
    "SRNofTransformer": 0,
    "Estimate": "19.08.25",
    "FormalOrderPlaced": "04.09.25",
    "OrderReferanceno": 0,
    "OrderDate": 0,
    "Billsubmission": 0,
    "Payment": 0,
    "NetAmount": 320970.88,
    "SecurityDepositesubmitted": "No",
    "SecurityDepositeReceived": 0
  },
  {
    "ID": "1762121529207",
    "Location": "Inhouse",
    "Category": "WBSEDCL",
    "LOINo": 3300075992,
    "LOIDate": "08.10.25",
    "Division": "Jhargram",
    "Tender": "P-59",
    "FileNo": 28,
    "WorkOrder": 1083052,
    "PrelimarySurvey": "08.10.25",
    "SIRNofTransformer": "",
    "FinalSurvey": "14.10.25",
    "SRNofDrainoutOil": "NA",
    "StageInspection": 0,
    "OilStatement": 0,
    "SIRNofOil": 0,
    "TransfomerTesting": 0,
    "Materialdeliveredon": 0,
    "SRNofTransformer": 0,
    "Estimate": 0,
    "FormalOrderPlaced": 0,
    "OrderReferanceno": 0,
    "OrderDate": 0,
    "Billsubmission": 0,
    "Payment": 0,
    "NetAmount": 0,
    "SecurityDepositesubmitted": 0,
    "SecurityDepositeReceived": 0
  }
]