[
  {
    "ID": "1759358283234",
    "Location": "Site",
    "Category": "WBSEDCL",
    "LOINo": "rdhdd",
    "LOIDate": "2025-10-10",
    "Division": "mpgmrph",
    "Tender": "",
    "FileNo": "",
    "WorkOrder": "",
    "PrelimarySurvey": "",
    "SIRNofTransformer": "",
    "FinalSurvey": "",
    "SRNofDrainoutOil": "",
    "StageInspection": "",
    "OilStatement": "",
    "SIRNofOil": "",
    "TransfomerTesting": "",
    "Materialdeliveredon": "",
    "SRNofTransformer": "",
    "Estimate": "",
    "FormalOrderPlaced": "",
    "OrderReferanceno": "",
    "OrderDate": "",
    "Billsubmission": "",
    "Payment": "",
    "NetAmount": "",
    "SecurityDepositesubmitted": "",
    "SecurityDepositeReceived": "sgsh",
    "updatedAt": "2025-10-02T00:01:40.622Z"
  }
]