[
  {
    "location": "In House",
    "category": "Private",
    "orderNo": "Fyuu",
    "date": "2025-10-15",
    "type": "Jdjdjd",
    "dismental": "Started",
    "Winding": "Started",
    "Assembley": "Started",
    "testing": "",
    "siteLocation": "",
    "typeOfJob": "",
    "otherJobType": "",
    "fieldJobDetails": [
      {
        "kva": "",
        "srNo": "",
        "rating": "",
        "note": ""
      }
    ],
    "execution": "",
    "delivery": false,
    "id": "1759351674893"
  },
  {
    "location": "In House",
    "category": "Private",
    "orderNo": "nowimport",
    "date": "2025-10-15",
    "type": "Jdjdjd",
    "dismental": "Started",
    "Winding": "Started",
    "Assembley": "Started",
    "testing": "",
    "siteLocation": "",
    "typeOfJob": "",
    "otherJobType": "",
    "execution": "",
    "delivery": false,
    "fieldJobDetails": [],
    "id": "1759790007047"
  },
  {
    "location": "Site",
    "category": "Private",
    "orderNo": "importedwith",
    "date": "0006-04-05",
    "type": "idgidg",
    "dismental": "",
    "Winding": "",
    "Assembley": "",
    "testing": "",
    "siteLocation": "locatiosaong",
    "typeOfJob": "Filter",
    "otherJobType": "",
    "execution": "Started",
    "delivery": false,
    "fieldJobDetails": [
      {
        "kva": "kva11",
        "srNo": "sr11",
        "rating": "rating11",
        "note": "note11"
      },
      {
        "kva": "kva22",
        "srNo": "sr22",
        "rating": "rating22",
        "note": "note22"
      },
      {
        "kva": "kva33",
        "srNo": "srno33",
        "rating": "rating33",
        "note": "note33"
      }
    ],
    "id": "1759790007037"
  },
  {
    "location": "Site",
    "category": "Private",
    "orderNo": "importedwith",
    "date": "0006-04-05",
    "type": "idgidg",
    "dismental": "",
    "Winding": "",
    "Assembley": "",
    "testing": "",
    "siteLocation": "locatiosaong",
    "typeOfJob": "Filter",
    "otherJobType": "",
    "execution": "Started",
    "delivery": false,
    "fieldJobDetails": [
      {
        "kva": "kva11",
        "srNo": "sr11",
        "rating": "rating11",
        "note": "note11"
      },
      {
        "kva": "kva22",
        "srNo": "sr22",
        "rating": "rating22",
        "note": "note22"
      },
      {
        "kva": "kva33",
        "srNo": "srno33",
        "rating": "rating33",
        "note": "note33"
      }
    ],
    "id": "1759789817875"
  },
  {
    "location": "In House",
    "category": "Private",
    "orderNo": "nowimport",
    "date": "2025-10-15",
    "type": "Jdjdjd",
    "dismental": "Started",
    "Winding": "Started",
    "Assembley": "Started",
    "testing": "",
    "siteLocation": "",
    "typeOfJob": "",
    "otherJobType": "",
    "execution": "",
    "delivery": false,
    "fieldJobDetails": [],
    "id": "1759789817884"
  },
  {
    "location": "Site",
    "category": "Private",
    "orderNo": "siteprivatedatasf",
    "date": "0006-04-05",
    "type": "idgidg",
    "dismental": "",
    "Winding": "",
    "Assembley": "",
    "testing": "",
    "siteLocation": "locatiosaong",
    "typeOfJob": "Filter",
    "otherJobType": "",
    "fieldJobDetails": [
      {
        "kva": "ertyui",
        "srNo": "iuyt",
        "rating": "ertyui",
        "note": "iu"
      }
    ],
    "execution": "Started",
    "delivery": false,
    "id": "1759360356702"
  },
  {
    "location": "Site",
    "category": "Public",
    "orderNo": "sitepunlicrecord",
    "date": "2025-10-10",
    "type": "dnang",
    "dismental": "",
    "Winding": "",
    "Assembley": "",
    "testing": "",
    "siteLocation": "sitelocatioanssl",
    "typeOfJob": "Maintain",
    "otherJobType": "",
    "fieldJobDetails": [
      {
        "kva": "1",
        "srNo": "1",
        "rating": "1",
        "note": "1"
      },
      {
        "kva": "2",
        "srNo": "2",
        "rating": "2",
        "note": "2"
      }
    ],
    "execution": "Started",
    "delivery": false,
    "id": "1759358356664"
  },
  {
    "location": "Site",
    "category": "WBSEDCL",
    "orderNo": "rdhdd",
    "date": "2025-10-10",
    "type": "mpgmrph",
    "dismental": "",
    "Winding": "",
    "Assembley": "",
    "testing": "",
    "siteLocation": "dmgpmg",
    "typeOfJob": "Maintain",
    "otherJobType": "",
    "fieldJobDetails": [
      {
        "kva": "1",
        "srNo": "1",
        "rating": "1",
        "note": "1"
      },
      {
        "kva": "2",
        "srNo": "2",
        "rating": "2",
        "note": "2"
      }
    ],
    "execution": "Started",
    "delivery": false,
    "id": "1759358283234"
  },
  {
    "location": "In House",
    "category": "WBSEDCL",
    "orderNo": "orderofwbs",
    "date": "2025-10-16",
    "type": "asjfka",
    "dismental": "Started",
    "Winding": "Started",
    "Assembley": "Started",
    "testing": "Started",
    "siteLocation": "",
    "typeOfJob": "",
    "otherJobType": "",
    "fieldJobDetails": [
      {
        "kva": "",
        "srNo": "",
        "rating": "",
        "note": ""
      }
    ],
    "execution": "",
    "delivery": false,
    "id": "1759357841954"
  },
  {
    "location": "In House",
    "category": "Private",
    "orderNo": "dknlk",
    "date": "2025-10-02",
    "type": "dsjghsid",
    "dismental": "Started",
    "Winding": "",
    "Assembley": "Started",
    "testing": "",
    "siteLocation": "",
    "typeOfJob": "",
    "otherJobType": "",
    "fieldJobDetails": [
      {
        "kva": "",
        "srNo": "",
        "rating": "",
        "note": ""
      }
    ],
    "execution": "",
    "delivery": false,
    "id": "1759352986768"
  },
  {
    "location": "In House",
    "category": "Private",
    "orderNo": "Fjfuif",
    "date": "2025-10-16",
    "type": "Ufufud",
    "dismental": "Started",
    "Winding": "Started",
    "Assembley": "Started",
    "testing": "",
    "siteLocation": "",
    "typeOfJob": "",
    "otherJobType": "",
    "fieldJobDetails": [
      {
        "kva": "",
        "srNo": "",
        "rating": "",
        "note": ""
      }
    ],
    "execution": "",
    "delivery": false,
    "id": "1759352940519"
  },
  {
    "location": "In House",
    "category": "Public",
    "orderNo": "Newrecordtets",
    "date": "2025-10-16",
    "type": "Jfjf",
    "dismental": "Started",
    "Winding": "Completed",
    "Assembley": "Completed",
    "testing": "",
    "siteLocation": "",
    "typeOfJob": "",
    "otherJobType": "",
    "fieldJobDetails": [
      {
        "kva": "",
        "srNo": "",
        "rating": "",
        "note": ""
      }
    ],
    "execution": "",
    "delivery": false,
    "id": "1759352907530"
  }
]