[
  {
    "StaffID": 6,
    "StaffName": "hg",
    "AADHAR": 981,
    "Address": "aerh",
    "PhoneNumber": "hre",
    "DOB": "earh",
    "Age": "hehjr",
    "Blood": "aehr",
    "BankName": "h",
    "Branch": "tjj",
    "AccountNo": "jrjt",
    "IFSCCode": "rtjj",
    "ESICNo": "wjrj",
    "PFNO": "jwj",
    "id": "1760525765809",
    "attachment": null
  },
  {
    "StaffID": 5,
    "StaffName": "wrhg",
    "AADHAR": 981,
    "Address": "aerrh",
    "PhoneNumber": "hgrhrh",
    "DOB": "the",
    "Age": "earht",
    "Blood": "aerh",
    "BankName": "erhe",
    "Branch": "her",
    "AccountNo": "jrrj",
    "IFSCCode": "rtjj",
    "ESICNo": "trjwr",
    "PFNO": "wrjj",
    "id": "1760525765802",
    "attachment": null
  },
  {
    "StaffID": 4,
    "StaffName": "hg",
    "AADHAR": 91,
    "Address": "aerh",
    "PhoneNumber": "earh",
    "DOB": "erh",
    "Age": "ehj",
    "Blood": "aehr",
    "BankName": "h",
    "Branch": "jj",
    "AccountNo": "rjj",
    "IFSCCode": "rjrj",
    "ESICNo": "wjwjt",
    "PFNO": "wrjj",
    "id": "1760525765794",
    "attachment": null
  },
  {
    "StaffID": 3,
    "StaffName": "rbg",
    "AADHAR": 9818,
    "Address": "reh",
    "PhoneNumber": "erh",
    "DOB": "ehtr",
    "Age": "eahr",
    "Blood": "aerh",
    "BankName": "eh",
    "Branch": "jrwtj",
    "AccountNo": "jtrtj",
    "IFSCCode": "rjrj",
    "ESICNo": "rtjwt",
    "PFNO": "rjrj",
    "id": "1760525765786",
    "attachment": null
  },
  {
    "StaffID": 2,
    "StaffName": "bg",
    "AADHAR": 9814,
    "Address": "wrdhg",
    "PhoneNumber": "erh",
    "DOB": "reehjt",
    "Age": "eh",
    "Blood": "eh",
    "BankName": "eh",
    "Branch": "aeh",
    "AccountNo": "jrtwtj",
    "IFSCCode": "rjj",
    "ESICNo": "rtj",
    "PFNO": "jrj",
    "id": "1760525765769",
    "attachment": null
  },
  {
    "StaffID": 1,
    "StaffName": "s",
    "AADHAR": 12,
    "Address": "gfawrbg",
    "PhoneNumber": "hgrhrh",
    "DOB": "rhgwrh",
    "Age": "rhgwerh",
    "Blood": "rhwrh",
    "BankName": "wrhwrhg",
    "Branch": "rwehh",
    "AccountNo": "wrhrh",
    "IFSCCode": "rwhrh",
    "ESICNo": "rhwerh",
    "PFNO": "rhwerhg",
    "id": "1760525765759",
    "attachment": null
  },
  {
    "StaffID": "kfjbwi",
    "StaffName": "ui",
    "AADHAR": "wiu",
    "Address": "whurhiuehrhie,r",
    "PhoneNumber": " l",
    "DOB": "275760-09-09",
    "Age": "87687",
    "Blood": "u",
    "BankName": "gh",
    "Branch": "iyh",
    "AccountNo": "i,8",
    "IFSCCode": "y98",
    "ESICNo": "o",
    "PFNO": "hi",
    "id": "1759958505097",
    "attachment": "1759958524077-1.jpg",
    "createdAt": "undefined",
    "updatedAt": "2025-10-08T21:22:04.069Z"
  },
  {
    "StaffID": "skoafoi",
    "StaffName": "oihoihf",
    "AADHAR": "oiho",
    "Address": "ihfo aofhaoi faodh foaidhoidhsogliahgkhkg hg hgh a gaskhg s hogsd hg hdg 7002158",
    "PhoneNumber": "ih",
    "DOB": "51351-12-13",
    "Age": "66",
    "Blood": "21651320320",
    "BankName": "4dkk",
    "Branch": "djvbk",
    "AccountNo": "bjifbvjk",
    "IFSCCode": "ovjnfd",
    "ESICNo": "nkndfk",
    "PFNO": "nlnfdlndlk",
    "id": "1759957387105",
    "attachment": "1759958485665-2.jpg",
    "createdAt": "undefined",
    "updatedAt": "2025-10-08T21:21:25.657Z"
  }
]