[
  {
    "SrNo": "srnumber",
    "ItemSpec": "itemspecsomg",
    "PurchaseDate": "pur20.25",
    "BillNo": "20.258",
    "HSN": "251s4d5",
    "VendorName": "vendormnamau",
    "GSTIN": "gstina",
    "Address": "addressa",
    "ContactNo": "cuntact",
    "MailingID": "moil",
    "ContactName": "cunname",
    "Rate": "111",
    "Qty": "222",
    "Unit": "333",
    "TaxPercent": "20.5%",
    "TotalAmount": "20258",
    "PaidOn": "444",
    "id": "1762121179980"
  },
  {
    "SrNo": "srnumber",
    "ItemSpec": "itemspecsomg",
    "PurchaseDate": "pur20.25",
    "BillNo": "20.258",
    "HSN": "251s4d5",
    "VendorName": "vendormnamau",
    "GSTIN": "gstina",
    "Address": "addressa",
    "ContactNo": "cuntact",
    "MailingID": "moil",
    "ContactName": "cunname",
    "Rate": "111",
    "Qty": "222",
    "Unit": "333",
    "TaxPercent": "20.5%",
    "TotalAmount": "20258",
    "PaidOn": "444",
    "id": "1762119706101"
  }
]